title,link
[#HASHTALK] EP.26 ê¸€ë¡œë²Œ ì•°ë²„ì„œë” ë¯¸ì—°ì˜ ë‚˜ë“¤ì´ ğŸ˜ (ENG/CHN)ã…£(ì—¬ì)ì•„ì´ë“¤ ((G)I-DLE),https://www.youtube.com/watch?v=-RORM6aWoJw
(ì—¬ì)ì•„ì´ë“¤((G)I-DLE) - 2023 (G)I-DLE WORLD TOUR [I am FREE-TY] ë¹„í•˜ì¸ë“œ EP.07 (ENG/CHN),https://www.youtube.com/watch?v=IQdDn_ktGww
ğŸ’– HAPPY MINNIE DAY ğŸ’– (Feat. í¼ìŠ¤ë„ ì»¬ëŸ¬ & ì¸ìƒë„¤ì»· í”„ë ˆì„ ğŸ“¸) (ENG/CHN),https://www.youtube.com/watch?v=5RSIJdz9x_w
(ì—¬ì)ì•„ì´ë“¤((G)I-DLE) - 2023 (G)I-DLE WORLD TOUR [I am FREE-TY] ë¹„í•˜ì¸ë“œ EP.06 (ENG/CHN),https://www.youtube.com/watch?v=2WZY9gRJfrw
(ì—¬ì)ì•„ì´ë“¤((G)I-DLE) - I-TALK #137 : 'I Want That' M/V ì´¬ì˜ ë¹„í•˜ì¸ë“œ PART 1 (ENG/CHN),https://www.youtube.com/watch?v=PnJBs44SpMo
(ì—¬ì)ì•„ì´ë“¤((G)I-DLE) - I-LOG #26 ë¯¼ë‹ˆì™€ ìš°ê¸°ì˜ ëŒˆëŸ¬ìŠ¤ ë¸Œì´ë¡œê·¸ ğŸ’—ğŸ’š | (ENG/CHN),https://www.youtube.com/watch?v=uordQfbb4OI
(ì—¬ì)ì•„ì´ë“¤((G)I-DLE) - I-TALK #136 : MCë¯¸ì—°ì˜ ì— ì¹´ìš´íŠ¸ë‹¤ìš´ ë¹„í•˜ì¸ë“œ ğŸ‘‘ (ENG),https://www.youtube.com/watch?v=frYByt36Wj4
(ì—¬ì)ì•„ì´ë“¤((G)I-DLE) - 2023 (G)I-DLE WORLD TOUR [I am FREE-TY] ë¹„í•˜ì¸ë“œ EP.05 (ENG/CHN),https://www.youtube.com/watch?v=sxl3aKjF1e4
(ì—¬ì)ì•„ì´ë“¤((G)I-DLE) - 'I Want That' Official Music Video,https://www.youtube.com/watch?v=Iewisp9KYRw
(ì—¬ì)ì•„ì´ë“¤((G)I-DLE) - 'I Want That' M/V Teaser 2,https://www.youtube.com/watch?v=IjGdsdLMttc
(ì—¬ì)ì•„ì´ë“¤((G)I-DLE) - 'I Want That' M/V Teaser 1,https://www.youtube.com/watch?v=CIxApX7r9YQ
(ì—¬ì)ì•„ì´ë“¤((G)I-DLE) Special EP [HEAT] Audio Snippet,https://www.youtube.com/watch?v=XJ0zcVrvLO4
(ì—¬ì)ì•„ì´ë“¤((G)I-DLE) - I-LOG #25 TJì˜ ë°€ë ì¸í˜• ë°•ë¬¼ê´€ ë‚˜ë“¤ì´ ğŸ˜ğŸª© | (ENG/CHN),https://www.youtube.com/watch?v=YePeIJjGQgc
ğŸ‚ HBD YUQI ğŸ‚ (From. (G)I-DLE ğŸ’–) (ENG/CHN),https://www.youtube.com/watch?v=46Nr2DsHEYA
ìš°ê¸°(YUQI) - 'ghost town / JVKE' (Cover),https://www.youtube.com/watch?v=Zi2kJvHwk1k
(ì—¬ì)ì•„ì´ë“¤((G)I-DLE) - 2023 (G)I-DLE WORLD TOUR [I am FREE-TY] ë¹„í•˜ì¸ë“œ EP.04 (ENG/CHN),https://www.youtube.com/watch?v=RbFdaAUXGIY
(ì—¬ì)ì•„ì´ë“¤((G)I-DLE) - I-LOG #24 ë¯¼ë‹ˆì˜ What's in MY BAG & Luggage ğŸ§³ | (ENG/CHN),https://www.youtube.com/watch?v=qh2MGXp7HYs
(ì—¬ì)ì•„ì´ë“¤((G)I-DLE) - I-LOG #23 ë§ˆë²• ê°™ì•˜ë˜ ìš°ê¸°ì˜ í•˜ë£¨ ğŸ° | (ENG/CHN),https://www.youtube.com/watch?v=07NbYKFBJRs
(ì—¬ì)ì•„ì´ë“¤((G)I-DLE) - 2023 (G)I-DLE WORLD TOUR [I am FREE-TY] ë¹„í•˜ì¸ë“œ EP.03 (ENG/CHN),https://www.youtube.com/watch?v=x7i6iIil-dQ
ğŸ’› HAPPY SOYEON DAY ğŸ’› (Feat. ì§ì ‘ ì°¨ë ¤ë³´ëŠ” ìƒì¼ìƒ ğŸ‘©â€ğŸ³) (ENG/CHN),https://www.youtube.com/watch?v=h22rV2yCpnc
(ì—¬ì)ì•„ì´ë“¤((G)I-DLE) - 2023 (G)I-DLE WORLD TOUR [I am FREE-TY] ë¹„í•˜ì¸ë“œ EP.02 (ENG/CHN),https://www.youtube.com/watch?v=SZoacJ-KSxU
[(G)ë§˜ëŒ€ë¡œ ì•„ì´ë“¤] â˜…íŠ¹ë³„í¸ì„±â˜… | ë„¤ê°€ ì•Œë˜ ë‚´ê°€ ì•„ëƒ (ENG/CHN) | (G)I-DLE INSIDE | (ì—¬ì)ì•„ì´ë“¤ ((G)I-DLE),https://www.youtube.com/watch?v=C1ITPFPt1do
(ì—¬ì)ì•„ì´ë“¤((G)I-DLE) - 2023 (G)I-DLE WORLD TOUR [I am FREE-TY] ë¹„í•˜ì¸ë“œ EP.01 (ENG/CHN),https://www.youtube.com/watch?v=0K5RvD2p6v8
[(G)ë§˜ëŒ€ë¡œ ì•„ì´ë“¤] â˜…íŠ¹ë³„í¸ì„±â˜… | ìŠˆí™” ì—†ëŠ”(?) ìŠˆí™”ì‡¼ (ENG/CHN) | SHUHUA SHOW | (ì—¬ì)ì•„ì´ë“¤ ((G)I-DLE),https://www.youtube.com/watch?v=4vY76usk3fk
(ì—¬ì)ì•„ì´ë“¤((G)I-DLE) - I-TALK #135 : 2023 ì¿ íŒ¡í”Œë ˆì´ ì‹œë¦¬ì¦ˆ ë¹„í•˜ì¸ë“œ âš½ (ENG/CHN),https://www.youtube.com/watch?v=nzGA5nKMDRg
"[(G)ë§˜ëŒ€ë¡œ ì•„ì´ë“¤] â˜…íŠ¹ë³„í¸ì„±â˜… | [ì†ë³´] (ì—¬ì)ì•„ì´ë“¤, ""í•­ì‹œì ìœ¼ë¡œ ë„¤ë²„ëœë“œ ìƒê°ë¿"" (ENG/CHN) | (G)I-DLE NEWS | (ì—¬ì)ì•„ì´ë“¤ ((G)I-DLE)",https://www.youtube.com/watch?v=-eWlNDLUAkI
(ì—¬ì)ì•„ì´ë“¤((G)I-DLE) - 'I DO' NYC Skyline Performance Video,https://www.youtube.com/watch?v=dUro-rg2Uz8
[#HASHTALK] EP.25 ìŠˆí™”ì˜ ì†Œì›ì€ P.R.O ëª¨ë¸ ğŸ’š (ENG/CHN)ã…£(ì—¬ì)ì•„ì´ë“¤ ((G)I-DLE),https://www.youtube.com/watch?v=v4qn-GFXfQI
[(G)ë§˜ëŒ€ë¡œ ì•„ì´ë“¤] â˜…íŠ¹ë³„í¸ì„±â˜… TEASER | ì—´ë ¬í•œ.ì„±ì›ì—.í˜ì…ì–´.ëŒì•„ì™”ìë‹ˆë‹¤...^^ (ENG/CHN) | (ì—¬ì)ì•„ì´ë“¤ ((G)I-DLE),https://www.youtube.com/watch?v=rwtUR5moRgQ
(ì—¬ì)ì•„ì´ë“¤((G)I-DLE) - I-LOG #22 'ì…€ëŸ¬ë¸Œë¦¬í‹°' ìš°ê¸°ì˜ í•˜ë£¨ ğŸ˜ | (ENG/CHN),https://www.youtube.com/watch?v=zZQBBbTazuY
(ì—¬ì)ì•„ì´ë“¤((G)I-DLE) - I-TALK #134 : MC ì—¬ë‹ˆì˜ ì— ì¹´ìš´íŠ¸ë‹¤ìš´ 800íšŒ ë¹„í•˜ì¸ë“œ ğŸ¥³ (ENG/CHN),https://www.youtube.com/watch?v=ISGec0pg5mk
(ì—¬ì)ì•„ì´ë“¤((G)I-DLE) - I-TALK #133 : 6th Mini Album [I feel] ë¯¸ê³µê°œ ë¹„í•˜ì¸ë“œ ëª¨ìŒ ğŸ’ (ENG/CHN),https://www.youtube.com/watch?v=m5x85EObU1Q
(ì—¬ì)ì•„ì´ë“¤((G)I-DLE) - I-TALK #132 : 'í€¸ì¹´ (Queencard)' ìŒì•…ë°©ì†¡ ë¹„í•˜ì¸ë“œ PART 3 (ENG/CHN),https://www.youtube.com/watch?v=2HYls6OJ4I8
(ì—¬ì)ì•„ì´ë“¤((G)I-DLE) - I-TALK #131 : 'í€¸ì¹´ (Queencard)' ìŒì•…ë°©ì†¡ ë¹„í•˜ì¸ë“œ PART 2 (ENG/CHN),https://www.youtube.com/watch?v=bMDNqCMAn6g
(ì—¬ì)ì•„ì´ë“¤((G)I-DLE) - I-TALK #130 : 'í€¸ì¹´ (Queencard)' ìŒì•…ë°©ì†¡ ë¹„í•˜ì¸ë“œ PART 1 (ENG/CHN),https://www.youtube.com/watch?v=GzxxFZoHESU
(ì—¬ì)ì•„ì´ë“¤((G)I-DLE) - I-TALK #129 : 'í€¸ì¹´ (Queencard)' M/V ì´¬ì˜ ë¹„í•˜ì¸ë“œ PART 3 (ENG/CHN),https://www.youtube.com/watch?v=ckcVS1YWcr4
(ì—¬ì)ì•„ì´ë“¤((G)I-DLE) - I-TALK #128 : ë¯¼ë‹ˆì˜ 'ë¹„ê¸´ì–´ê²Œì¸ ì˜¤í”ˆë§ˆì´í¬' ë¹„í•˜ì¸ë“œ ğŸ¤ğŸ¶ (ENG/CHN),https://www.youtube.com/watch?v=8JYjc2nSL48
(ì—¬ì)ì•„ì´ë“¤((G)I-DLE) - 'Paradise' & 'ì–´ë¦° ì–´ë¥¸' Recording Behind (ENG/CHN),https://www.youtube.com/watch?v=_5EOmPP9qwM
(ì—¬ì)ì•„ì´ë“¤((G)I-DLE) - I-LOG #21 ë¯¼ë‹ˆì˜ ì‘ì—…ì‹¤ ë¸Œì´ë¡œê·¸ ğŸ§ | (ENG/CHN),https://www.youtube.com/watch?v=dcn9yDyDZ0o
(ì—¬ì)ì•„ì´ë“¤((G)I-DLE) - I-TALK #127 : 'í€¸ì¹´ (Queencard)' M/V ì´¬ì˜ ë¹„í•˜ì¸ë“œ PART 2 (ENG/CHN),https://www.youtube.com/watch?v=4Btl-X89kBY
2023 (G)I-DLE WORLD TOUR [I am FREE-TY] SPOT,https://www.youtube.com/watch?v=_NCMWptDQFg
(ì—¬ì)ì•„ì´ë“¤((G)I-DLE) - I-TALK #126 : 2023 ì‹ í•œì€í–‰ SOL KBOë¦¬ê·¸ ì‹œêµ¬&ì‹œíƒ€ ë¹„í•˜ì¸ë“œ âš¾ (ENG/CHN),https://www.youtube.com/watch?v=w0TQ51nnM5c
(ì—¬ì)ì•„ì´ë“¤((G)I-DLE) - M/V Bloopers : [I feel],https://www.youtube.com/watch?v=Nzs9Liewjo8
(ì—¬ì)ì•„ì´ë“¤((G)I-DLE) - 'Allergy' Special Performance Video,https://www.youtube.com/watch?v=SWC8DXoV7ts
(ì—¬ì)ì•„ì´ë“¤((G)I-DLE) - I-TALK #125 : â€˜í€¸ì¹´ (Queencard)â€™ M/V ì´¬ì˜ ë¹„í•˜ì¸ë“œ PART 1 (ENG/CHN),https://www.youtube.com/watch?v=jgtYt_k5tYg
(ì—¬ì)ì•„ì´ë“¤((G)I-DLE) - 'í€¸ì¹´ (Queencard)' @ KOOKMIN UNIVERSITY,https://www.youtube.com/watch?v=pz1iMo5pQcg
(ì—¬ì)ì•„ì´ë“¤((G)I-DLE) - 'Allergy' @ KOOKMIN UNIVERSITY,https://www.youtube.com/watch?v=je9vk7qIM7A
(ì—¬ì)ì•„ì´ë“¤((G)I-DLE) - 'TOMBOY' @ KOOKMIN UNIVERSITY,https://www.youtube.com/watch?v=ZHJPJleCa5M
(ì—¬ì)ì•„ì´ë“¤((G)I-DLE) - 6th Mini Album [I feel] Audio Snippet ì´¬ì˜ ë¹„í•˜ì¸ë“œ (ENG/CHN),https://www.youtube.com/watch?v=EJ-Gb-ljxdM
(ì—¬ì)ì•„ì´ë“¤((G)I-DLE) - 'Allergy' LIVE CLIP,https://www.youtube.com/watch?v=PITjb4VZHpQ
(ì—¬ì)ì•„ì´ë“¤((G)I-DLE) - 'í€¸ì¹´ (Queencard)' M/V (Performance Ver.),https://www.youtube.com/watch?v=AKg_9dn_VmA
(ì—¬ì)ì•„ì´ë“¤((G)I-DLE) - 'Allergy' @ HANYANG UNIVERSITY,https://www.youtube.com/watch?v=ZqL9SCPGrTA
(ì—¬ì)ì•„ì´ë“¤((G)I-DLE) - 'MY BAG' @ HANYANG UNIVERSITY,https://www.youtube.com/watch?v=4OV_zNx54Ho
(ì—¬ì)ì•„ì´ë“¤((G)I-DLE) - 'LATATA' @ HANYANG UNIVERSITY,https://www.youtube.com/watch?v=-mDVfE5NeK0
(ì—¬ì)ì•„ì´ë“¤((G)I-DLE) - 'TOMBOY' @ KYUNG HEE UNIVERSITY,https://www.youtube.com/watch?v=hfBPHLBxZro
(ì—¬ì)ì•„ì´ë“¤((G)I-DLE) - 'LATATA' @ KYUNG HEE UNIVERSITY,https://www.youtube.com/watch?v=IVAXcw0qH_c
(ì—¬ì)ì•„ì´ë“¤((G)I-DLE) - 'í€¸ì¹´ (Queencard)' @ KOREA UNIVERSITY,https://www.youtube.com/watch?v=tOID3CTHBHg
(ì—¬ì)ì•„ì´ë“¤((G)I-DLE) - 'TOMBOY' @ KOREA UNIVERSITY,https://www.youtube.com/watch?v=qYpPn5CudRw
(ì—¬ì)ì•„ì´ë“¤((G)I-DLE) - 'í€¸ì¹´ (Queencard)' Recording Behind (ENG/CHN),https://www.youtube.com/watch?v=wg7AL7inFTE
[#HASHTALK] EP.24 You wanna be the í€¸ì¹´ (Feat. ì†Œì—°ì˜ í€¸ì¹´ ë°•ìŠ¤ ì œì‘ê¸° ğŸ‘‘ğŸ€) (ENG/CHN)ã…£(ì—¬ì)ì•„ì´ë“¤ ((G)I-DLE),https://www.youtube.com/watch?v=6jL7U29W5Mk
(ì—¬ì)ì•„ì´ë“¤((G)I-DLE) - I-TALK #124 : 6th Mini Album [I feel] ì¬í‚· ì´¬ì˜ ë¹„í•˜ì¸ë“œ (ENG/CHN),https://www.youtube.com/watch?v=IquoKcN-vU4
[#HASHTALK] EP.23 ìš°ê¸°ì˜ ì¢Œì¶©ìš°ëŒ ë¹„í–‰ê¸° ë£¸ íˆ¬ì–´ ğŸ™Œ (ENG/CHN)ã…£(ì—¬ì)ì•„ì´ë“¤ ((G)I-DLE),https://www.youtube.com/watch?v=Kly9hFFGrb0
(ì—¬ì)ì•„ì´ë“¤((G)I-DLE) - 'í€¸ì¹´ (Queencard)' Choreography Practice Video,https://www.youtube.com/watch?v=pKCaXYYwGjw
(ì—¬ì)ì•„ì´ë“¤((G)I-DLE) 6th Mini Album [I feel] UNBOXING ğŸ‘‘ (ENG/CHN),https://www.youtube.com/watch?v=PAh2PEsX65U
(ì—¬ì)ì•„ì´ë“¤((G)I-DLE) Original Series [I feel] ì œì‘ ë°œí‘œíšŒ (ENG/CHN),https://www.youtube.com/watch?v=a3R3KPgP5u4
(ì—¬ì)ì•„ì´ë“¤((G)I-DLE) - 'í€¸ì¹´ (Queencard)' ì‘ì›ë²• (ENG/CHN),https://www.youtube.com/watch?v=NV-pwtijKWg
(ì—¬ì)ì•„ì´ë“¤((G)I-DLE) - 'í€¸ì¹´ (Queencard)' Special Performance Video,https://www.youtube.com/watch?v=P2WN35hWy4A
(ì—¬ì)ì•„ì´ë“¤((G)I-DLE) - 'í€¸ì¹´ (Queencard)' Official Music Video,https://www.youtube.com/watch?v=7HDeem-JaSY
(ì—¬ì)ì•„ì´ë“¤((G)I-DLE) - Comeback Interview : [I feel] | (ENG/CHN),https://www.youtube.com/watch?v=dFNyiyofGlE
(ì—¬ì)ì•„ì´ë“¤((G)I-DLE) - 'Allergy' Official Music Video,https://www.youtube.com/watch?v=XZaBkbvteBc
(ì—¬ì)ì•„ì´ë“¤((G)I-DLE) - I-TALK #123 : ì†Œì—°ì˜ 'ë°©ê³¼í›„ ì„¤ë ˜ ì‹œì¦Œ2' ì²« ì´¬ì˜ & ì œì‘ ë°œí‘œíšŒ ë¹„í•˜ì¸ë“œ (ENG/CHN),https://www.youtube.com/watch?v=5a7RDNGdXnU
(ì—¬ì)ì•„ì´ë“¤((G)I-DLE) - Spoiler Alert : [I feel] #SOYEON,https://www.youtube.com/watch?v=38kvqREhg8k
(ì—¬ì)ì•„ì´ë“¤((G)I-DLE) - I-LOG #20 ì†Œì—°ì˜ ë°€ë¼ë…¸ ë¸Œì´ë¡œê·¸ ğŸ˜ | (ENG/CHN),https://www.youtube.com/watch?v=nEtSDq6geSc
[I-LIVE] ğŸ‰ì¶• 5ì£¼ë…„ğŸ‰ HIGHLIGHT 09 - ì‚¬ë‘í•´ìš” ë„¤ë²„ë²„ ğŸ’œ,https://www.youtube.com/watch?v=IlFh4Zzgh4U
[I-LIVE] ğŸ‰ì¶• 5ì£¼ë…„ğŸ‰ HIGHLIGHT 08 - ìº¡ì³ íƒ€ì„ ğŸ“¸,https://www.youtube.com/watch?v=60knHM-d0L8
[I-LIVE] ğŸ‰ì¶• 5ì£¼ë…„ğŸ‰ HIGHLIGHT 07 - ë„¤ë²„ë²„ì™€ì˜ ë²„í‚·ë¦¬ìŠ¤íŠ¸ âœ…,https://www.youtube.com/watch?v=pblTCkuBCHw
[I-LIVE] ğŸ‰ì¶• 5ì£¼ë…„ğŸ‰ HIGHLIGHT 02 - ì¹µí…Œì¼ íƒ€ì„ğŸ¸ğŸ¹,https://www.youtube.com/watch?v=x4Fib7qx3Gk
[I-LIVE] ğŸ‰ì¶• 5ì£¼ë…„ğŸ‰ HIGHLIGHT 06 - 12ì‹œ ë•¡! 5ì£¼ë…„ ëŒ„ìŠ¤ íƒ€ì„ğŸ’ƒ,https://www.youtube.com/watch?v=fNw87YN_y_g
[I-LIVE] ğŸ‰ì¶• 5ì£¼ë…„ğŸ‰ HIGHLIGHT 05 - ì°°ë–¡ì½©ë–¡ ê°€ì¡±ê°™ì€ ì•„ì´ë“¤,https://www.youtube.com/watch?v=UYKElCRktyE
(ì—¬ì)ì•„ì´ë“¤((G)I-DLE) - Spoiler Alert : [I feel] #MIYEON,https://www.youtube.com/watch?v=XYIBQAm8iZ4
[I-LIVE] ğŸ‰ì¶• 5ì£¼ë…„ğŸ‰ HIGHLIGHT 04 - í€¸ì¹´=ì•„ì´ë“¤?! ë‹®ì€ë¶€ë¶„ ì°¾ê¸° ğŸ‘€,https://www.youtube.com/watch?v=ofVzUKoKbqY
[I-LIVE] ğŸ‰ì¶• 5ì£¼ë…„ğŸ‰ HIGHLIGHT 03 - ê°•ë ¬í–ˆë˜ ì‹œêµ¬âš¾ï¸ì‹œíƒ€ ì´ì•¼ê¸°,https://www.youtube.com/watch?v=mdYmtp7z4k8
[I-LIVE] ğŸ‰ì¶• 5ì£¼ë…„ğŸ‰ HIGHLIGHT 01 - ë„¤ë²„ë²„ì™€ í•¨ê»˜í–ˆë˜ 5ë…„ ë˜ëŒì•„ë³´ê¸° ğŸ’œ,https://www.youtube.com/watch?v=lH7zwkESfwg
(ì—¬ì)ì•„ì´ë“¤((G)I-DLE) - Spoiler Alert : [I feel] #MINNIE,https://www.youtube.com/watch?v=FZc4wGOf0i4
(ì—¬ì)ì•„ì´ë“¤((G)I-DLE) - I-LOG #19 ë¯¼ë‹ˆì˜ íŒŒë¦¬ ë¸Œì´ë¡œê·¸ ğŸ˜˜ | (ENG/CHN),https://www.youtube.com/watch?v=riLm94E6EfE
(ì—¬ì)ì•„ì´ë“¤((G)I-DLE) - Spoiler Alert : [I feel] #SHUHUA,https://www.youtube.com/watch?v=TFb3ITn3TyQ
(ì—¬ì)ì•„ì´ë“¤((G)I-DLE) - Spoiler Alert : [I feel] #YUQI,https://www.youtube.com/watch?v=6P3fqtf3ibM
(ì—¬ì)ì•„ì´ë“¤((G)I-DLE) - Character Introduction : [I feel],https://www.youtube.com/watch?v=qg8vNx_jQYU
(ì—¬ì)ì•„ì´ë“¤((G)I-DLE) - Announcement : [I feel] New Episodes,https://www.youtube.com/watch?v=URh5fgVufm4
[#HASHTALK] EP.22 ì¹­ì°¬ì€ ì†Œì—°ì„ ì¶¤ì¶”ê²Œ í•œë‹¤ ğŸ’›ğŸ–¤ (Feat. íˆ¬ì¿¨í¬ìŠ¤ì¿¨) (ENG/CHN)ã…£(ì—¬ì)ì•„ì´ë“¤ ((G)I-DLE),https://www.youtube.com/watch?v=QWQfHKGmSeM
[(G)ë§˜ëŒ€ë¡œ ì•„ì´ë“¤] EP.08 ê¸´ì¥í•´. ì¼€ì´íŒ ê¸°ê°• ì¡ìœ¼ëŸ¬ ì˜¨ë‹¤. | 2023 ì»´ë°± ì„¸ë¯¸ë‚˜ (ENG/CHN) | (ì—¬ì)ì•„ì´ë“¤ ((G)I-DLE),https://www.youtube.com/watch?v=uvEYX0MSs1s
[(G)ë§˜ëŒ€ë¡œ ì•„ì´ë“¤] EP.07 íŠ¹ ì‹œí‚¤ë©´ ì¼ë‹¨ í•¨ | 2023 ì»´ë°± ì„¸ë¯¸ë‚˜ (ENG/CHN) | (ì—¬ì)ì•„ì´ë“¤ ((G)I-DLE),https://www.youtube.com/watch?v=ar1ZMNKDbKI
(ì—¬ì)ì•„ì´ë“¤((G)I-DLE) - I-TALK #122 : ë¯¸ì—°ì˜ 'í˜œë¯¸ë¦¬ì˜ˆì±„íŒŒ' ì œì‘ ë°œí‘œíšŒ ë¹„í•˜ì¸ë“œ (ENG/CHN),https://www.youtube.com/watch?v=pdkt_wXOtW0
(ì—¬ì)ì•„ì´ë“¤((G)I-DLE) - I-TALK #121 : MC ì—¬ë‹ˆì˜ ìŠ¤í˜ì…œ ìŠ¤í…Œì´ì§€ ë¹„í•˜ì¸ë“œ ğŸŒ¸ (ENG/CHN),https://www.youtube.com/watch?v=Rq-sSDdMOxI
[(G)ë§˜ëŒ€ë¡œ ì•„ì´ë“¤] EP.06 í¥ ì—†ë‹¤ë©´ì„œìš”... | 2023 ì»´ë°± ì„¸ë¯¸ë‚˜ (ENG/CHN) | (ì—¬ì)ì•„ì´ë“¤ ((G)I-DLE),https://www.youtube.com/watch?v=MfTv2OX4Nz4
[(G)ë§˜ëŒ€ë¡œ ì•„ì´ë“¤] EP.05 ë‹¤ìŒ ì»´ë°±ì˜ ìš´ëª…ì€...?! | 2023 ì»´ë°± ì„¸ë¯¸ë‚˜ (ENG/CHN) | (ì—¬ì)ì•„ì´ë“¤ ((G)I-DLE),https://www.youtube.com/watch?v=PwsQ30b-A-k
[#HASHTALK] EP.21 ìœ ë‹› ê³„íš ì¤‘ì¸ ë¯¸ì—°? ğŸ¤­ (ENG/CHN)ã…£(ì—¬ì)ì•„ì´ë“¤ ((G)I-DLE),https://www.youtube.com/watch?v=dDZT1faYx0Y
[(G)ë§˜ëŒ€ë¡œ ì•„ì´ë“¤] EP.04 í¬ì§€ì…˜ ëºìœ¼ëŸ¬ ì™”ìŠµë‹ˆë‹¤. | 2023 ì»´ë°± ì„¸ë¯¸ë‚˜ (ENG/CHN) | (ì—¬ì)ì•„ì´ë“¤ ((G)I-DLE),https://www.youtube.com/watch?v=QFCP_VVQMgg
[(G)ë§˜ëŒ€ë¡œ ì•„ì´ë“¤] EP.03 ëŒ€í™˜ì¥ ì£¼ì£¼ì´íšŒ | 2023 ì»´ë°± ì„¸ë¯¸ë‚˜ (ENG/CHN) | (ì—¬ì)ì•„ì´ë“¤ ((G)I-DLE),https://www.youtube.com/watch?v=r0MrzKxPqxw
(ì—¬ì)ì•„ì´ë“¤((G)I-DLE) - I-TALK #120 : ë¶„ê¸ˆì¹˜ì˜ ì— ì¹´ìš´íŠ¸ë‹¤ìš´ ë¹„í•˜ì¸ë“œ ğŸ’–ğŸ’š (ENG/CHN),https://www.youtube.com/watch?v=Qu71MoWLA3c
(ì—¬ì)ì•„ì´ë“¤((G)I-DLE) - I-TALK #119 : 3RD FAN MEETING [í–‰ìš´ì˜ í¸ì§€] ë¹„í•˜ì¸ë“œ PART 2 (ENG/CHN),https://www.youtube.com/watch?v=fngLL-2V5T8
[(G)ë§˜ëŒ€ë¡œ ì•„ì´ë“¤] EP.02 ë§¤ë‹ˆì € ê·¸ë§Œë‘ê² ìŠµë‹ˆë‹¤.. | 2023 ì»´ë°± ì„¸ë¯¸ë‚˜ (ENG/CHN) | (ì—¬ì)ì•„ì´ë“¤ ((G)I-DLE),https://www.youtube.com/watch?v=4bDBfsBCjFg
[(G)ë§˜ëŒ€ë¡œ ì•„ì´ë“¤] EP.01 ì´ê²Œ...ë§ëƒ...? | 2023 ì»´ë°± ì„¸ë¯¸ë‚˜ (ENG/CHN) | (ì—¬ì)ì•„ì´ë“¤ ((G)I-DLE),https://www.youtube.com/watch?v=HU6K3TV2AdQ
[(G)ë§˜ëŒ€ë¡œ ì•„ì´ë“¤] TEASER â˜…2023 ì»´ë°± ì„¸ë¯¸ë‚˜â˜… (ENG/CHN) | (ì—¬ì)ì•„ì´ë“¤ ((G)I-DLE),https://www.youtube.com/watch?v=pKMhyV1HiqE
(ì—¬ì)ì•„ì´ë“¤((G)I-DLE) - I-TALK #118 : 3RD FAN MEETING [í–‰ìš´ì˜ í¸ì§€] ë¹„í•˜ì¸ë“œ PART 1 (ENG/CHN),https://www.youtube.com/watch?v=D4c-8wlkzpc
ìš°ê¸°(YUQI) - 'Flowers / Miley Cyrus' (Cover),https://www.youtube.com/watch?v=0X4XGrK_PwM
(ì—¬ì)ì•„ì´ë“¤((G)I-DLE) - I-LOG #18 (ì—¬ì)ì•„ì´ë“¤ì˜ ë¨¹ë°© ë¸Œì´ë¡œê·¸ ğŸ¥¤ | (ENG/CHN),https://www.youtube.com/watch?v=9XiIpdo7xhA
[#HASHTALK] EP.20 ë¬´ëŒ€ë¥¼ ì°¢ê¸° ìœ„í•´ ë‹¤ë¦¬ë„ ì°¢ëŠ” (ì—¬ì)ì•„ì´ë“¤ ğŸ”¥ (ENG/CHN)ã…£(ì—¬ì)ì•„ì´ë“¤ ((G)I-DLE),https://www.youtube.com/watch?v=zi8zJBT2QyE
(ì—¬ì)ì•„ì´ë“¤((G)I-DLE) - I-TALK #117 : 'í–‰ìš´ì˜ í¸ì§€' íŒ¬ë¯¸íŒ… VCR ì´¬ì˜ ë¹„í•˜ì¸ë“œ ğŸ’ (ENG/CHN),https://www.youtube.com/watch?v=UZbO1ccNb84
(ì—¬ì)ì•„ì´ë“¤((G)I-DLE) - I-TALK #116 : ì„œìš¸ê°€ìš”ëŒ€ìƒ ë¹„í•˜ì¸ë“œ ğŸŒŸ (ENG/CHN),https://www.youtube.com/watch?v=LEp7sPPCkII
[#HASHTALK] EP.19 ë¯¼ë‹ˆì™€ ë¡œë  ì‹¸ì´ë§ˆì´ì˜ ìƒê´€ê´€ê³„ ğŸ½ (ENG/CHN)ã…£(ì—¬ì)ì•„ì´ë“¤ ((G)I-DLE),https://www.youtube.com/watch?v=HYZrwHYR8NQ
(ì—¬ì)ì•„ì´ë“¤((G)I-DLE) - I-LOG #17 ë¯¼ë‹ˆì˜ íƒœêµ­ ë¸Œì´ë¡œê·¸ ğŸŒŸ (Feat. ìš°ê¸°ì™€ì˜ ë°ì´íŠ¸ ğŸ¥°) | (ENG/CHN),https://www.youtube.com/watch?v=wHqn-UIyLHg
(ì—¬ì)ì•„ì´ë“¤((G)I-DLE) - 'Abracadabra' (Cover) @ OFFICIAL FAN CLUB NEVERLAND 3RD FAN MEETING,https://www.youtube.com/watch?v=wMmL0Ufb7u4
(ì—¬ì)ì•„ì´ë“¤((G)I-DLE) - I-LOG #16 ì†Œì—°ì˜ ìŠ¬ê¸°ë¡œìš´ ê²©ë¦¬ ìƒí™œ âœ¨ (ENG/CHN),https://www.youtube.com/watch?v=URlJud2rlMo
(ì—¬ì)ì•„ì´ë“¤((G)I-DLE) - 'TOMBOY' @ OFFICIAL FAN CLUB NEVERLAND 3RD FAN MEETING,https://www.youtube.com/watch?v=gYDo7FOyz1Q
(ì—¬ì)ì•„ì´ë“¤((G)I-DLE) - I-TALK #115 : ê³¨ë“ ë””ìŠ¤í¬ì–´ì›Œì¦ˆ ë¹„í•˜ì¸ë“œ ğŸ’— (ENG/CHN),https://www.youtube.com/watch?v=RAKBokE7C-8
(ì—¬ì)ì•„ì´ë“¤((G)I-DLE) - I-TALK #114 : 2022 ì—°ë§ ë¬´ëŒ€ ë¹„í•˜ì¸ë“œ ğŸ’• (ENG/CHN),https://www.youtube.com/watch?v=J9Xh4_zoWD0
(ì—¬ì)ì•„ì´ë“¤((G)I-DLE) - I-LOG #15 ë¯¼ë‹ˆì˜ í•´í”¼ í¬ë¦¬ìŠ¤ë§ˆìŠ¤ ğŸ„â¤ (ENG/CHN),https://www.youtube.com/watch?v=ryNHXwE3uDM
(ì—¬ì)ì•„ì´ë“¤((G)I-DLE) - I-LOG #14 (ì—¬ì)ì•„ì´ë“¤ in ìì¹´ë¥´íƒ€ ğŸ™Œ (ENG/CHN),https://www.youtube.com/watch?v=pf_I0r7fUck
(ì—¬ì)ì•„ì´ë“¤((G)I-DLE) - I-TALK #113 : ë¯¼ë‹ˆì˜ 'RecuÃ©rdame' ì´¬ì˜ ë¹„í•˜ì¸ë“œ (ENG/CHN),https://www.youtube.com/watch?v=tZM8ZZhcbiQ
ë¯¼ë‹ˆ(MINNIE) - 'RecuÃ©rdame / Coco OST' (Cover),https://www.youtube.com/watch?v=P7zU8MNxAoU
(ì—¬ì)ì•„ì´ë“¤((G)I-DLE) - 'Nxde' Recording Behind (ENG/CHN),https://www.youtube.com/watch?v=F8p3RR37naI
[#HASHTALK] EP.18 ë©¤ë²„ë“¤ì´ ë°”ë¼ë³´ëŠ” ì†Œì—°ì´ëŠ” â“ (ENG/CHN)ã…£(ì—¬ì)ì•„ì´ë“¤ ((G)I-DLE),https://www.youtube.com/watch?v=CQO4TFM0oZk
(ì—¬ì)ì•„ì´ë“¤((G)I-DLE) - I-TALK #112 : 2023 ì‹œì¦Œ ê·¸ë¦¬íŒ… ë¹„í•˜ì¸ë“œ (ENG/CHN),https://www.youtube.com/watch?v=2lDPw8FP0rI
(ì—¬ì)ì•„ì´ë“¤((G)I-DLE) - I-LOG #13 ë¹„ ì˜¤ëŠ” ì˜¤ì‚¬ì¹´ì—ì„œ ë¶„ê¸ˆì¹˜ ğŸ’–ğŸ’š | (ì—¬ì)ì•„ì´ë“¤ in MAMA (ENG/CHN),https://www.youtube.com/watch?v=VagJTHGmjAg
"(ì—¬ì)ì•„ì´ë“¤((G)I-DLE), Steve Aoki - 'Nxde (Steve Aoki Remix)' Visualizer",https://www.youtube.com/watch?v=qRrV31S7oO0
"(ì—¬ì)ì•„ì´ë“¤((G)I-DLE), Steve Aoki - 'Nxde (Steve Aoki Remix)' Teaser",https://www.youtube.com/watch?v=xqRjm5ulgJs
(ì—¬ì)ì•„ì´ë“¤((G)I-DLE) - I-LOG #12 ì¹ ë ˆì— ê°€ê²Œ ëœ (ì—¬ì)ì•„ì´ë“¤ âœˆ (ENG/CHN),https://www.youtube.com/watch?v=bsMO-p89ORg
I-MISSION Ep.ì–´ì°¨í”¼ ìƒí’ˆì€ (?) #IMISSION #ì•„ì´ë¯¸ì…˜ #GIDLE #ì—¬ìì•„ì´ë“¤,https://www.youtube.com/watch?v=Zm6lCu4FRbI
(ì—¬ì)ì•„ì´ë“¤((G)I-DLE) - 'Nxde' í™œë™ ì˜ìƒí†µí™” ì´ë²¤íŠ¸ Behind the scenes (ENG/CHN),https://www.youtube.com/watch?v=Gk80c8nSV0k
I-MISSION Ep.ì‹œìƒì‹ #IMISSION #ì•„ì´ë¯¸ì…˜ #GIDLE #ì—¬ìì•„ì´ë“¤,https://www.youtube.com/watch?v=ZrQpEXo3TwY
(ì—¬ì)ì•„ì´ë“¤((G)I-DLE) - I-TALK #111 : 2022 TMA & GMA ë¹„í•˜ì¸ë“œ (ENG/CHN),https://www.youtube.com/watch?v=I_YjPHZE04A
(ì—¬ì)ì•„ì´ë“¤((G)I-DLE) - I-TALK #110: X-FILE VIDEO ë¹„í•˜ì¸ë“œ (ENG/CHN),https://www.youtube.com/watch?v=xecwwEWwqOY
(ì—¬ì)ì•„ì´ë“¤((G)I-DLE) - I-TALK #109: 'Nxde' ë§ˆì§€ë§‰ ì£¼ ë¹„í•˜ì¸ë“œ (ENG/CHN),https://www.youtube.com/watch?v=YQt3gzOWKMo
(ì—¬ì)ì•„ì´ë“¤((G)I-DLE) - 'Change' LIVE CLIP,https://www.youtube.com/watch?v=bjFMG8BT144
(ì—¬ì)ì•„ì´ë“¤((G)I-DLE) - I-TALK #108: 'Nxde' ì²«ë°© ë¹„í•˜ì¸ë“œ (ENG/CHN),https://www.youtube.com/watch?v=RM_9krmkC2I
(ì—¬ì)ì•„ì´ë“¤((G)I-DLE) - I-TALK #107 : X-LOVE SHOW ë¹„í•˜ì¸ë“œ (ENG/CHN),https://www.youtube.com/watch?v=VYgI3YmlxHk
(ì—¬ì)ì•„ì´ë“¤((G)I-DLE) - 'LOVE' Music Clip,https://www.youtube.com/watch?v=a6Y1GX7wDnA
(ì—¬ì)ì•„ì´ë“¤((G)I-DLE) - 'MY BAG' Stage Cam @ KOREA NATIONAL SPORT UNIVERSITY,https://www.youtube.com/watch?v=AKAA4js2858
(ì—¬ì)ì•„ì´ë“¤((G)I-DLE) - 'TOMBOY' Stage Cam @ KOREA NATIONAL SPORT UNIVERSITY,https://www.youtube.com/watch?v=7RuqX8NDMD8
(ì—¬ì)ì•„ì´ë“¤((G)I-DLE) - 'DUMDi DUMDi' Stage Cam @ KOREA NATIONAL SPORT UNIVERSITY,https://www.youtube.com/watch?v=xB8aJ5KVW1o
(ì—¬ì)ì•„ì´ë“¤((G)I-DLE) - 'LATATA' Stage Cam @ KOREA NATIONAL SPORT UNIVERSITY,https://www.youtube.com/watch?v=bvNNoY4rH28
(ì—¬ì)ì•„ì´ë“¤((G)I-DLE) - 'Nxde' Stage Cam @ KOREA NATIONAL SPORT UNIVERSITY,https://www.youtube.com/watch?v=RI-rPp75kCg
(ì—¬ì)ì•„ì´ë“¤((G)I-DLE) - I-TALK #106 : 'Nxde' ë®¤ë¹„ ì´¬ì˜ í˜„ì¥ ë¹„í•˜ì¸ë“œ Part 2 (ENG/CHN),https://www.youtube.com/watch?v=KnUzX0m2sHo
(ì—¬ì)ì•„ì´ë“¤((G)I-DLE) - 'Nxde' (Choreography Practice Video) Behind the scenes (ENG/CHN),https://www.youtube.com/watch?v=7ZJwXaL8mD4
(ì—¬ì)ì•„ì´ë“¤((G)I-DLE) - 'Nxde' (Choreography Practice Video),https://www.youtube.com/watch?v=R9UsmrVEWYY
(ì—¬ì)ì•„ì´ë“¤((G)I-DLE) - I-TALK #105 : 'Nxde' ë®¤ë¹„ ì´¬ì˜ í˜„ì¥ ë¹„í•˜ì¸ë“œ Part 1 (ENG/CHN),https://www.youtube.com/watch?v=b8pFGiXiTjY
(ì—¬ì)ì•„ì´ë“¤((G)I-DLE) - 2022 (G)I-DLE WORLD TOUR [JUST ME ( )I-DLE] ë¹„í•˜ì¸ë“œ EP.7 (ENG/CHN),https://www.youtube.com/watch?v=9f1iFCxhc4U
"(ì—¬ì)ì•„ì´ë“¤((G)I-DLE) - I-TALK #104 : ""I love"" ì¬í‚· ì´¬ì˜ í˜„ì¥ ë¹„í•˜ì¸ë“œ (ENG/CHN)",https://www.youtube.com/watch?v=Tw7ynjk6rVc
(ì—¬ì)ì•„ì´ë“¤((G)I-DLE) - 'Nxde' X-LOVE SHOW Ver.,https://www.youtube.com/watch?v=uPU1l6fBEEQ
(ì—¬ì)ì•„ì´ë“¤((G)I-DLE) - 5th Mini Album [I love] X-LOVE SHOW,https://www.youtube.com/watch?v=a5MB1tkHMlE
(ì—¬ì)ì•„ì´ë“¤((G)I-DLE) - 'Nxde' ì‘ì›ë²•,https://www.youtube.com/watch?v=WjCYHBcNS08
(ì—¬ì)ì•„ì´ë“¤((G)I-DLE) - 'Nxde' Official Music Video,https://www.youtube.com/watch?v=fCO7f0SmrDc
(ì—¬ì)ì•„ì´ë“¤((G)I-DLE) - 'Nxde' M/V Teaser 2,https://www.youtube.com/watch?v=taGjyi9M0i0
(ì—¬ì)ì•„ì´ë“¤((G)I-DLE) - 'Nxde' M/V Teaser 1,https://www.youtube.com/watch?v=hZf4w5d1T34
"(ì—¬ì)ì•„ì´ë“¤((G)I-DLE) - 5th Mini Album ""I love"" Interview",https://www.youtube.com/watch?v=jcKhzuNhvFQ
(ì—¬ì)ì•„ì´ë“¤((G)I-DLE) - X-FILE VIDEO,https://www.youtube.com/watch?v=T91NIKVhn_4
"(ì—¬ì)ì•„ì´ë“¤((G)I-DLE) - 5th Mini Album ""I love"" Audio Snippet",https://www.youtube.com/watch?v=qEWfUqSxmSY
(ì—¬ì)ì•„ì´ë“¤((G)I-DLE) - 'TOMBOY' Stage Cam @ INCHEON NATIONAL UNIVERSITY,https://www.youtube.com/watch?v=Fs8ILBls_2Y
(ì—¬ì)ì•„ì´ë“¤((G)I-DLE) - 'LATATA' Stage Cam @ INCHEON NATIONAL UNIVERSITY,https://www.youtube.com/watch?v=9Y8oSiV1FNM
(ì—¬ì)ì•„ì´ë“¤((G)I-DLE) - 'MY BAG' Stage Cam @ MYONGJI UNIVERSITY,https://www.youtube.com/watch?v=0IJcKyjy7P0
(ì—¬ì)ì•„ì´ë“¤((G)I-DLE) - 'POP/STARS' Stage Cam @ MYONGJI UNIVERSITY,https://www.youtube.com/watch?v=xSKVz1QshaM
(ì—¬ì)ì•„ì´ë“¤((G)I-DLE) - 'LION' Stage Cam @ MYONGJI UNIVERSITY,https://www.youtube.com/watch?v=bzXXG9VaULI
(ì—¬ì)ì•„ì´ë“¤((G)I-DLE) - 2022 (G)I-DLE WORLD TOUR [JUST ME ( )I-DLE] ë¹„í•˜ì¸ë“œ EP.6 (ENG/CHN),https://www.youtube.com/watch?v=9NGWQcgQHOI
(ì—¬ì)ì•„ì´ë“¤((G)I-DLE) - 'TOMBOY' Stage Cam @ KANGNAM UNIVERSITY,https://www.youtube.com/watch?v=v3XUlKoQIZQ
(ì—¬ì)ì•„ì´ë“¤((G)I-DLE) - 5th Mini Album [I love] Sketch Film,https://www.youtube.com/watch?v=q3dPS1a1pm8
(ì—¬ì)ì•„ì´ë“¤((G)I-DLE) - I-LOG #11 HAPPY DAY IN BANGKOK ğŸ¥° (ENG/CHN),https://www.youtube.com/watch?v=JHrzlRFbnns
(ì—¬ì)ì•„ì´ë“¤((G)I-DLE) - 2022 (G)I-DLE WORLD TOUR [JUST ME ( )I-DLE] ë¹„í•˜ì¸ë“œ EP.5 (ENG/CHN),https://www.youtube.com/watch?v=3Rcj4NmkRWw
ìš°ê¸° of (ì—¬ì)ì•„ì´ë“¤ (YUQI of (G)I-DLE) - 'Begginâ€™ / MÃ¥neskin' (Cover),https://www.youtube.com/watch?v=xDBvRbiy9aI
(ì—¬ì)ì•„ì´ë“¤((G)I-DLE) - 5th Mini Album [I love] Spoiler Teaser,https://www.youtube.com/watch?v=cVvLMuzeXs4
(ì—¬ì)ì•„ì´ë“¤((G)I-DLE) - I-LOG #10 (ì—¬ì)ì•„ì´ë“¤ì´ LAì— ì™”ìŠˆ ğŸŒ | ê°€ì´ë“œ ìŠˆìŠˆ ğŸš© (ENG/CHN),https://www.youtube.com/watch?v=TTRQ3HtUVas
(ì—¬ì)ì•„ì´ë“¤((G)I-DLE) - 2022 (G)I-DLE WORLD TOUR [JUST ME ( )I-DLE] ë¹„í•˜ì¸ë“œ EP.4 (ENG/CHN),https://www.youtube.com/watch?v=klm3ZO0VxVE
(ì—¬ì)ì•„ì´ë“¤((G)I-DLE) - I-LOG #9 ì†Œì—°ì´ì˜ FIFA ì´¬ì˜ í˜„ì¥ âš½ | TMI ëŒ€ë°©ì¶œ ğŸ (ENG/CHN),https://www.youtube.com/watch?v=FUKPxRSNI7w
(ì—¬ì)ì•„ì´ë“¤((G)I-DLE) - 2022 (G)I-DLE WORLD TOUR [JUST ME ( )I-DLE] ë¹„í•˜ì¸ë“œ EP.3 (ENG/CHN),https://www.youtube.com/watch?v=KN3j4jS-5l0
(ì—¬ì)ì•„ì´ë“¤((G)I-DLE) - I-LOG #8 ë¯¸ì—°ì´ì˜ğŸ’• ì¼ìƒ ëª¨ìŒ.zip (feat. ìš°ê¸°ğŸ¶) (ENG/CHN),https://www.youtube.com/watch?v=kK4zZtJU1aA
(ì—¬ì)ì•„ì´ë“¤((G)I-DLE) - 2022 (G)I-DLE WORLD TOUR [JUST ME ( )I-DLE] ë¹„í•˜ì¸ë“œ EP.2 (ENG/CHN),https://www.youtube.com/watch?v=7qzwlb73-yM
(ì—¬ì)ì•„ì´ë“¤((G)I-DLE) - I-LOG #7 ìš´ì „ë©´í—ˆ ë¸Œì´ë¡œê·¸ EP.2 ğŸš— | ê¸°ëŠ¥ ì‹œí—˜ ë³´ëŠ” ë‚ ,https://www.youtube.com/watch?v=k1AjiiFOQIU
(ì—¬ì)ì•„ì´ë“¤((G)I-DLE) - 2022 (G)I-DLE WORLD TOUR [JUST ME ( )I-DLE] ë¹„í•˜ì¸ë“œ EP.1 (ENG/CHN),https://www.youtube.com/watch?v=eFs6BZOvp7Y
(ì—¬ì)ì•„ì´ë“¤((G)I-DLE) - I-LOG #6 ìš´ì „ë©´í—ˆ ë¸Œì´ë¡œê·¸ ğŸš— (ENG/CHN),https://www.youtube.com/watch?v=THbNbuWvkTw
(ì—¬ì)ì•„ì´ë“¤((G)I-DLE) - I-TALK #103 : 'JUST ME ( )I-DLE' ì½˜ì„œíŠ¸ VCR ì´¬ì˜ ë¹„í•˜ì¸ë“œ (ENG/CHN),https://www.youtube.com/watch?v=dPM9_Y-n-LM
(ì—¬ì)ì•„ì´ë“¤((G)I-DLE) - I-LOG #5 ì½˜ì„œíŠ¸ í•©ì£¼ | ë¶€ëª¨ë‹˜ê³¼ í•¨ê»˜í•˜ëŠ” ë¯¼ë‹ˆì˜ í•˜ë£¨ (ENG/CHN),https://www.youtube.com/watch?v=nwvZlzf0Qfk
(ì—¬ì)ì•„ì´ë“¤((G)I-DLE) - I-TALK #102 : 'JUST ME ( )I-DLE' ì½˜ì„œíŠ¸ í¬ìŠ¤í„° ì´¬ì˜ ë¹„í•˜ì¸ë“œ (ENG),https://www.youtube.com/watch?v=YwSWrRCUeI8
(ì—¬ì)ì•„ì´ë“¤((G)I-DLE) - I-LOG #4 (G)I-DLE in Frankfurt âœˆï¸ (ENG),https://www.youtube.com/watch?v=kye1yH1d2TQ
(ì—¬ì)ì•„ì´ë“¤ ê³µì‹ íŒ¬í´ëŸ½ ë„¤ë²„ëœë“œ 3ê¸° ëª¨ì§‘ (3RD NEVERLAND Generation Recruitment Guide),https://www.youtube.com/watch?v=z9PHQWLkwj0
2022 (G)I-DLE WORLD TOUR [JUST ME ( )I-DLE] IN SEOUL - SPOT,https://www.youtube.com/watch?v=XsXyaXIv5lM
(ì—¬ì)ì•„ì´ë“¤((G)I-DLE) - I-LOG #3 ë¯¼ìš°ìŠˆì˜ ì„±ìˆ˜ë™ ë‚˜ë“¤ì´ (ENG),https://www.youtube.com/watch?v=x12T7F5Ak8E
(ì—¬ì)ì•„ì´ë“¤((G)I-DLE) - I-TALK #101: 2022 KPOP.FLEX ë¹„í•˜ì¸ë“œ (ENG),https://www.youtube.com/watch?v=nQBqKynYiWI
(ì—¬ì)ì•„ì´ë“¤((G)I-DLE) - I-LOG #2 ì†Œì—°&ìš°ê¸°ì˜ ë¨¹ë°© ë¸Œì´ë¡œê·¸ (ENG),https://www.youtube.com/watch?v=z3LjmE-Jf9U
(ì—¬ì)ì•„ì´ë“¤((G)I-DLE) - I-TALK #100: ë¯¸ì—° 'Drive' ë§ˆì§€ë§‰ ì£¼ ë¹„í•˜ì¸ë“œ (ENG),https://www.youtube.com/watch?v=9IdcoGWD6cI
2022 (G)I-DLE WORLD TOUR [JUST ME ( )I-DLE] IN SEOUL - ID,https://www.youtube.com/watch?v=n7l5pRXQKoc
(ì—¬ì)ì•„ì´ë“¤((G)I-DLE) - I-TALK #99: ë¯¸ì—° 'Drive' ì²«ë°© ë¹„í•˜ì¸ë“œ (ENG),https://www.youtube.com/watch?v=_FCfCpJMvOg
2022 (G)I-DLE WORLD TOUR [JUST ME ( )I-DLE] - ID,https://www.youtube.com/watch?v=c3-dnBwM6O8
(ì—¬ì)ì•„ì´ë“¤((G)I-DLE) - I-LOG #1 ë¯¼ìš°ìŠˆì˜ ë‚˜ë“¤ì´ â˜€ (ENG),https://www.youtube.com/watch?v=0GvaKrCGV6s
ë¯¼ë‹ˆ of (ì—¬ì)ì•„ì´ë“¤ (MINNIE of (G)I-DLE) - 'Nothing / Bruno Major' (Cover) (LIVE ver.),https://www.youtube.com/watch?v=cKqxdDg-d9I
(ì—¬ì)ì•„ì´ë“¤((G)I-DLE) - I-LOG Teaser (ENG),https://www.youtube.com/watch?v=L37aZiXpqY0
"(ì—¬ì)ì•„ì´ë“¤((G)I-DLE) - I-TALK #98: ë¯¸ì—° ""MY"" ë®¤ë¹„ ì´¬ì˜ í˜„ì¥ ë¹„í•˜ì¸ë“œ (ENG)",https://www.youtube.com/watch?v=ur2x3tdoX5Q
[I-LIVE] ğŸ’œì¶• 4ì£¼ë…„ğŸ’œ HIGHLIGHT 10 - ë¯¸ë˜ì˜ ê¸°ë“¤ì—ê²Œ ë³´ë‚´ëŠ” ì‚¬ë‘ì˜ ë©”ì„¸ì§€ ğŸ’œ,https://www.youtube.com/watch?v=bNEp5XtJwow
[I-LIVE] ğŸ’œì¶• 4ì£¼ë…„ğŸ’œ HIGHLIGHT 09 - ë„¤ë²„ë ˆí„°ì˜ ì‹œê°„ ğŸ’Œ,https://www.youtube.com/watch?v=kKDd451WWAw
[I-LIVE] ğŸ’œì¶• 4ì£¼ë…„ğŸ’œ HIGHLIGHT 08 - ìˆ  ê²Œì„ í•˜ì§€ë§Œ ì´ë¦„ ë°”ê¾¸ê¸°ë¥¼ ê³ë“¤ì¸..,https://www.youtube.com/watch?v=69oSaVo3wPo
[I-LIVE] ğŸ’œì¶• 4ì£¼ë…„ğŸ’œ HIGHLIGHT 07 - ìŠ¬í”„ì§€ë§Œ.. ğŸ’•,https://www.youtube.com/watch?v=_Sbv4c1PxwI
[I-LIVE] ğŸ’œì¶• 4ì£¼ë…„ğŸ’œ HIGHLIGHT 06 - í¥ ë„˜ì¹˜ëŠ” ìš°ê¸° ğŸ·,https://www.youtube.com/watch?v=cY0Va2TgsfI
[I-LIVE] ğŸ’œì¶• 4ì£¼ë…„ğŸ’œ HIGHLIGHT 05 - 4ì£¼ë…„ ì¶•í•˜ì†¡ ğŸ’œ,https://www.youtube.com/watch?v=60Rb1vTzffI
[I-LIVE] ğŸ’œì¶• 4ì£¼ë…„ğŸ’œ HIGHLIGHT 04 - ê³¼ì¼ ë˜ì ¸ì„œ ë¨¹ê¸° ì±Œë¦°ì§€ ğŸ˜‹,https://www.youtube.com/watch?v=un2_yqdc72g
[I-LIVE] ğŸ’œì¶• 4ì£¼ë…„ğŸ’œ HIGHLIGHT 03 - ìš°ë‹¹íƒ•íƒ• ì¼€ì´í¬ ê¾¸ë¯¸ê¸° ğŸ‚,https://www.youtube.com/watch?v=BEOF3t0fM9g
[I-LIVE] ğŸ’œì¶• 4ì£¼ë…„ğŸ’œ HIGHLIGHT 02 - ë©¤ë²„ë“¤ì˜ ê·¼í™© ì´ì•¼ê¸° ğŸ˜‰,https://www.youtube.com/watch?v=BMNofD53P2U
[I-LIVE] ğŸ’œì¶• 4ì£¼ë…„ğŸ’œ HIGHLIGHT 01 - ì¶•í•˜í•©ë‹ˆë‹¤ğŸ’œğŸ‰,https://www.youtube.com/watch?v=kmfHkL7u7IY
"(ì—¬ì)ì•„ì´ë“¤((G)I-DLE) - I-TALK #97: ë¯¸ì—° ""MY"" ì¬í‚· ì´¬ì˜ í˜„ì¥ ë¹„í•˜ì¸ë“œ (ENG)",https://www.youtube.com/watch?v=1q_yooSrgJ4
ë¯¸ì—° (MIYEON) - 'Drive' LIVE CLIP,https://www.youtube.com/watch?v=KIQncyxUwnQ
ë¯¸ì—° (MIYEON) - 'Drive' ì‘ì›ë²•,https://www.youtube.com/watch?v=QZOvAdQqbjk
ë¯¸ì—° (MIYEON) - 'Drive' Official Music Video,https://www.youtube.com/watch?v=35lirBqwgTs
ë¯¸ì—° (MIYEON) - 'Drive' M/V Teaser 2,https://www.youtube.com/watch?v=7lU3Rvw3nGk
ë¯¸ì—° (MIYEON) - 'Drive' M/V Teaser 1,https://www.youtube.com/watch?v=ij69A4ETIas
"ë¯¸ì—° (MIYEON) - 1st Mini Album ""MY"" Audio Snippet",https://www.youtube.com/watch?v=pEMC4GOMmOw
"ë¯¸ì—° (MIYEON) - ""MY"" Mood Film Behind the scenes (ENG)",https://www.youtube.com/watch?v=uMl_cMm7o_E
(ì—¬ì)ì•„ì´ë“¤((G)I-DLE) - I-TALK #96: 'TOMBOY' ë§ˆì§€ë§‰ ì£¼ ë¹„í•˜ì¸ë“œ (ENG),https://www.youtube.com/watch?v=x8NSEmpC4Jo
"ë¯¸ì—° (MIYEON) - 1st Mini Album ""MY"" Mood Film",https://www.youtube.com/watch?v=OXT3-sLFiaU
(ì—¬ì)ì•„ì´ë“¤((G)I-DLE) - I-TALK #95: 'TOMBOY' ë‘˜ì§¸ ì£¼ ë¹„í•˜ì¸ë“œ (ENG),https://www.youtube.com/watch?v=hi3l7y6ZwrY
(ì—¬ì)ì•„ì´ë“¤((G)I-DLE) - 'ë§ë¦¬ì§€ ë§ˆ' LIVE CLIP,https://www.youtube.com/watch?v=SuMnpTc8zoU
(ì—¬ì)ì•„ì´ë“¤((G)I-DLE) - I-TALK #94: 'TOMBOY' ì²«ë°© ë¹„í•˜ì¸ë“œ (ENG),https://www.youtube.com/watch?v=J0Qkr0Ypqfo
(ì—¬ì)ì•„ì´ë“¤((G)I-DLE) - 'MY BAG' (Choreography Practice Video),https://www.youtube.com/watch?v=Si5pQHRRH5w
(ì—¬ì)ì•„ì´ë“¤((G)I-DLE) - I-TALK #93 : 'TOMBOY' ë®¤ë¹„ ì´¬ì˜ í˜„ì¥ ë¹„í•˜ì¸ë“œ Part 2 (ENG),https://www.youtube.com/watch?v=a8TWfH4RqB0
(ì—¬ì)ì•„ì´ë“¤((G)I-DLE) - 'TOMBOY' (Choreography Practice Video),https://www.youtube.com/watch?v=CKSQjJDQTaQ
(ì—¬ì)ì•„ì´ë“¤((G)I-DLE) - I-TALK #92 : 'TOMBOY' ë®¤ë¹„ ì´¬ì˜ í˜„ì¥ ë¹„í•˜ì¸ë“œ Part 1 (ENG),https://www.youtube.com/watch?v=uOT2HadPJh8
"(ì—¬ì)ì•„ì´ë“¤((G)I-DLE) - I-TALK #91: ""I NEVER DIE"" ì¬í‚· ì´¬ì˜ í˜„ì¥ ë¹„í•˜ì¸ë“œ (ENG)",https://www.youtube.com/watch?v=-QHYb8fuwIs
(ì—¬ì)ì•„ì´ë“¤((G)I-DLE) - 'TOMBOY' (ë¯¼ë‹ˆ Focus) : ONLINE MEDIA SHOWCASE Ver.,https://www.youtube.com/watch?v=wkTOHWQvGXQ
(ì—¬ì)ì•„ì´ë“¤((G)I-DLE) - 'TOMBOY' (ìŠˆí™” Focus) : ONLINE MEDIA SHOWCASE Ver.,https://www.youtube.com/watch?v=pq_J-0d0z3M
(ì—¬ì)ì•„ì´ë“¤((G)I-DLE) - 'TOMBOY' (ìš°ê¸° Focus) : ONLINE MEDIA SHOWCASE Ver.,https://www.youtube.com/watch?v=pBzZvIiBvA4
(ì—¬ì)ì•„ì´ë“¤((G)I-DLE) - 'TOMBOY' (ì†Œì—° Focus) : ONLINE MEDIA SHOWCASE Ver.,https://www.youtube.com/watch?v=foNBw_ubhf8
(ì—¬ì)ì•„ì´ë“¤((G)I-DLE) - 'TOMBOY' (ë¯¸ì—° Focus) : ONLINE MEDIA SHOWCASE Ver.,https://www.youtube.com/watch?v=VsW8oXuCNUk
(ì—¬ì)ì•„ì´ë“¤((G)I-DLE) - 'TOMBOY' ì‘ì›ë²•,https://www.youtube.com/watch?v=ax45oDJiQh0
(ì—¬ì)ì•„ì´ë“¤((G)I-DLE) - 'TOMBOY' : ONLINE MEDIA SHOWCASE Ver.,https://www.youtube.com/watch?v=eqB57puP5vQ
(ì—¬ì)ì•„ì´ë“¤((G)I-DLE) - 'TOMBOY' Official Music Video,https://www.youtube.com/watch?v=Jh4QFaPmdss
(ì—¬ì)ì•„ì´ë“¤((G)I-DLE) - 'TOMBOY' M/V Teaser 2,https://www.youtube.com/watch?v=Bvx_7Z60jDg
(ì—¬ì)ì•„ì´ë“¤((G)I-DLE) - 'TOMBOY' M/V Teaser 1,https://www.youtube.com/watch?v=-nYIOcvTfWM
(ì—¬ì)ì•„ì´ë“¤((G)I-DLE) - 'MY BAG' Track Video,https://www.youtube.com/watch?v=CK422h0brGE
"(ì—¬ì)ì•„ì´ë“¤((G)I-DLE) - 1st Full Album ""I NEVER DIE"" Audio Snippet",https://www.youtube.com/watch?v=viKTTmds5w0
(ì—¬ì)ì•„ì´ë“¤((G)I-DLE) COMEBACK TRAILER : [I NEVER DIE],https://www.youtube.com/watch?v=N1qWluicDkM
(ì—¬ì)ì•„ì´ë“¤((G)I-DLE) - ë¯¸ì—°&ìš°ê¸°ì˜ VLOG : IN JEJU (ENG),https://www.youtube.com/watch?v=lLiiq3_nABA
(ì—¬ì)ì•„ì´ë“¤((G)I-DLE) - ë¯¼ë‹ˆì˜ VLOG : ë°©ì½• í™œë™ Part 3 ğŸ™Œ (ENG),https://www.youtube.com/watch?v=krzXdipQK2o
ìš°ê¸° of (ì—¬ì)ì•„ì´ë“¤ (YUQI of (G)I-DLE) - 'Easy On Me / Adele' (Cover),https://www.youtube.com/watch?v=iA04XJDdyrg
(ì—¬ì)ì•„ì´ë“¤((G)I-DLE) - I-TALK #90 ë¯¸ì—° 2021ë…„ í™œë™ ë¹„í•˜ì¸ë“œ (ENG),https://www.youtube.com/watch?v=pHZM7O87zoE
(ì—¬ì)ì•„ì´ë“¤((G)I-DLE) - ë¯¼ë‹ˆì˜ VLOG : ë°©ì½• ì§‘ì½• ğŸ  (ENG),https://www.youtube.com/watch?v=XspBCK9zNMM
(ì—¬ì)ì•„ì´ë“¤((G)I-DLE) - ë¯¼ë‹ˆì˜ VLOG : ë°©ì½• í™œë™ Part 2 ğŸ™Œ (ENG),https://www.youtube.com/watch?v=2sFnGME_iGQ
ìš°ê¸° of (ì—¬ì)ì•„ì´ë“¤ (YUQI of (G)I-DLE) - 'Rise Up / Andra Day' (Cover),https://www.youtube.com/watch?v=fyk0U2BpiQg
(ì—¬ì)ì•„ì´ë“¤((G)I-DLE) - ë¯¼ë‹ˆì˜ VLOG : ë°©ì½• í™œë™ ğŸ™Œ (ENG),https://www.youtube.com/watch?v=oAPm3_s68OI
(ì—¬ì)ì•„ì´ë“¤((G)I-DLE) - I-TALK #89 ì „ì†Œì—° 'ì‚ ì‚  (BEAM BEAM)' í™œë™ ë¹„í•˜ì¸ë“œ (ENG),https://www.youtube.com/watch?v=-L4QCCMYjgE
ì „ì†Œì—°(JEON SOYEON) - 'ì‚ ì‚  (BEAM BEAM)' Choreography Video (CEO Ver.),https://www.youtube.com/watch?v=o0MM7TIpilE
"[#HASHTALK] EP.17 ì „ì†Œì—°ğŸ¦, ìœˆë””ğŸ”, ì—°í•˜ğŸ¥€ì˜ ì—­ì‚¬ì ì¸ ë§Œë‚¨ğŸ¤­ (ENG)ã…£(ì—¬ì)ì•„ì´ë“¤ ((G)I-DLE)",https://www.youtube.com/watch?v=zvuAQsBjHVA
ì „ì†Œì—°(JEON SOYEON) - 'ì‚ ì‚  (BEAM BEAM)' Official Lyric Video (ENG),https://www.youtube.com/watch?v=y3yqSbJ2T0w
ì „ì†Œì—°(JEON SOYEON) - 'ì‚ ì‚  (BEAM BEAM)' Choreography Video,https://www.youtube.com/watch?v=6YGOq65MZpw
(ì—¬ì)ì•„ì´ë“¤((G)I-DLE) - I-TALK #88 : ì „ì†Œì—° 'ì‚ ì‚  (BEAM BEAM)' ë®¤ë¹„ ì´¬ì˜ í˜„ì¥ ë¹„í•˜ì¸ë“œ (ENG),https://www.youtube.com/watch?v=X3NAUy7EjHQ
ì „ì†Œì—°(JEON SOYEON) - 'ì‚ ì‚  (BEAM BEAM)' ì‘ì›ë²•,https://www.youtube.com/watch?v=wyNWtNSUqs4
"(ì—¬ì)ì•„ì´ë“¤((G)I-DLE) - I-TALK #87 : ì „ì†Œì—° ""Windy"" ì¬í‚· ì´¬ì˜ í˜„ì¥ ë¹„í•˜ì¸ë“œ (ENG)",https://www.youtube.com/watch?v=jN4xMjrfIi8
'Windy Burger Grand Open!' - í•˜ì´ë¼ì´íŠ¸ 09 1ë¶€ ë ˆë“œ ì¹´í«!ğŸ¥³ğŸ‘ğŸ¥³,https://www.youtube.com/watch?v=srepY5GVRhU
ì „ì†Œì—°(JEON SOYEON) - 'ì‚ ì‚  (BEAM BEAM)' Official Music Video,https://www.youtube.com/watch?v=MqzX9JAZ08U
'Windy Burger Grand Open!' - í•˜ì´ë¼ì´íŠ¸ 08 ë‹¤ ê°™ì´ ì†Œë¦¬ì³ìš” ìœˆë””ë²„ê±° ëŒ€ë°•!!!!ğŸ¥³,https://www.youtube.com/watch?v=MuNo4FX4Ur0
'Windy Burger Grand Open!' - í•˜ì´ë¼ì´íŠ¸ 07 ìœˆë””ë²„ê±°ì˜ ë²ˆì°½ì„ ë°”ë¼ë©° âœ¨ ì˜¤í”ˆì‹ì„ ë§ˆë¬´ë¦¬í•˜ê² ìŠµë‹ˆë‹¤!,https://www.youtube.com/watch?v=wK_l3Uc0-tU
'Windy Burger Grand Open!' - í•˜ì´ë¼ì´íŠ¸ 06 ìœˆë””ë²„ê±° ì‚ ì‚ â˜€ï¸ğŸ– ê·¸ ë§›ì˜ ë¹„ê²°ì€?!,https://www.youtube.com/watch?v=_4o_TR0LE28
'Windy Burger Grand Open!' - í•˜ì´ë¼ì´íŠ¸ 05 ì „ëŒ€í‘œë‹˜ì´ !ì§ì ‘! ì†Œê°œí•´ì£¼ëŠ” ìœˆë””ë²„ê±° ìˆ˜ë¡ê³¡ ë©”ë‰´ğŸ”,https://www.youtube.com/watch?v=v7h5eN21w8w
'Windy Burger Grand Open!' - í•˜ì´ë¼ì´íŠ¸ 04 ëŒ€í‘œë‹˜ì˜ ë§ì”€ ë“¤ì–´ë³´ê² ìŠµë‹ˆë‹¤ ìœˆë””ë²„ê±° ë¸Œëœë“œ íˆìŠ¤í† ë¦¬! ğŸ“£,https://www.youtube.com/watch?v=yClG9_ldxNw
'Windy Burger Grand Open!' - í•˜ì´ë¼ì´íŠ¸ 03 í–„ë²„ê±° ì¼€ì´í¬ ğŸ”ğŸ‚ ì»¤íŒ…ì‹! ì†Œë¦¬ì³ì£¼ì„¸ìš”!! ìœˆë””ë²„ê±° ëŒ€ë°•!!! ğŸ“£,https://www.youtube.com/watch?v=CD12U9gyE0c
"'Windy Burger Grand Open!' - í•˜ì´ë¼ì´íŠ¸ 02 ìœˆë””ë²„ê±° ì„±ìˆ˜ 1í˜¸ì , ì „ê²© ë©”ë‰´ ì†Œê°œ íƒ€ì„ğŸ”ğŸŸ",https://www.youtube.com/watch?v=X5nNmF_m220
'Windy Burger Grand Open!' - í•˜ì´ë¼ì´íŠ¸ 01 ğŸ‰ì¶• ìœˆë””ë²„ê±° ì˜¤í”ˆğŸ‰ ì—­ì‚¬ì ì¸ ìˆœê°„,https://www.youtube.com/watch?v=vPu95lo5SVw
ì „ì†Œì—°(JEON SOYEON) - 'ì‚ ì‚  (BEAM BEAM)' M/V Teaser 2,https://www.youtube.com/watch?v=pQMh6dZiYM8
ì „ì†Œì—°(JEON SOYEON) - 'ì‚ ì‚  (BEAM BEAM)' M/V Teaser 1,https://www.youtube.com/watch?v=2ucAQuPRpmU
"ì „ì†Œì—°(JEON SOYEON) - 1st Mini Album ""Windy"" Audio Snippet",https://www.youtube.com/watch?v=FsMfjN63FTg
ì „ì†Œì—°(JEON SOYEON) - ì „ì†Œì—°ì˜ 3 IDENTITY (íŠ¸ë¦¬í”Œê°±ì–´ ì¸í„°ë·°) (ENG),https://www.youtube.com/watch?v=DXWE5FqdpGk
ì „ì†Œì—°(JEON SOYEON) - ë°”ëŒí”¼ëŠ” ë‚  (Blooming Windy Day) Part.2,https://www.youtube.com/watch?v=6UXb3tDJg_Y
ì „ì†Œì—°(JEON SOYEON) - ë°”ëŒí”¼ëŠ” ë‚  (Blooming Windy Day) Part.1,https://www.youtube.com/watch?v=hr3np7viBPw
"ì „ì†Œì—°(JEON SOYEON) - 1st Mini Album ""Windy"" Concept Teaser",https://www.youtube.com/watch?v=7VReeoBR3Kk
ìš°ê¸° (YUQI) - 'Bonnie & Clyde' Official Music Video,https://www.youtube.com/watch?v=AE8yKldv_oo
ìš°ê¸° (YUQI) - 'Bonnie & Clyde' M/V Teaser 2,https://www.youtube.com/watch?v=czUwp_YNdCo
ìš°ê¸° (YUQI) - 'Bonnie & Clyde' M/V Teaser 1,https://www.youtube.com/watch?v=09o7NGd9zQY
ìš°ê¸° (YUQI) - 'Giant' Official Music Video,https://www.youtube.com/watch?v=wxDHQT0iBKM
ìš°ê¸° (YUQI) - 'Giant' M/V Teaser,https://www.youtube.com/watch?v=Ch2zY9eUFzk
"ìš°ê¸° (YUQI) - ""A Page"" Audio Snippet",https://www.youtube.com/watch?v=Yx9xhYRonpw
(ì—¬ì)ì•„ì´ë“¤((G)I-DLE) - I-TALK #86: 'í™”(ç«èŠ±)' ë§ˆì§€ë§‰ ì£¼ ë¹„í•˜ì¸ë“œ (ENG),https://www.youtube.com/watch?v=hhiK2nbnrs4
(ì—¬ì)ì•„ì´ë“¤((G)I-DLE) - I-TALK #85: 'í™”(ç«èŠ±)' ë‘˜ì§¸ ì£¼ ë¹„í•˜ì¸ë“œ,https://www.youtube.com/watch?v=MUEo_-WYX-Q
(ì—¬ì)ì•„ì´ë“¤((G)I-DLE) - I-TALK #84: ë¯¸ì—° ì›¹ë“œë¼ë§ˆ 'ë¦¬í”Œë ˆì´' ì œì‘ ë°œí‘œíšŒ ë¹„í•˜ì¸ë“œ (ENG),https://www.youtube.com/watch?v=PmYtROm07Ac
(ì—¬ì)ì•„ì´ë“¤((G)I-DLE) - 'HWAA(ç«/èŠ±) (Chinese Ver.)' ë…¹ìŒ ë¹„í•˜ì¸ë“œ (ENG),https://www.youtube.com/watch?v=v99wxx_Dkj8
"(ì—¬ì)ì•„ì´ë“¤((G)I-DLE), Dimitri Vegas & Like Mike - 'HWAA (Dimitri Vegas & Like Mike Remix)' Official M/V",https://www.youtube.com/watch?v=P62kgQCuxGE
"(ì—¬ì)ì•„ì´ë“¤((G)I-DLE), Dimitri Vegas & Like Mike - 'HWAA (Dimitri Vegas & Like Mike Remix)' Audio Teaser",https://www.youtube.com/watch?v=3ism5AMppCM
(ì—¬ì)ì•„ì´ë“¤((G)I-DLE) - I-TALK #83: 'í™”(ç«èŠ±)' ì²«ë°© ë¹„í•˜ì¸ë“œ (ENG),https://www.youtube.com/watch?v=HBzPLYWmBEw
(ì—¬ì)ì•„ì´ë“¤((G)I-DLE) - 'HWAA (English Ver.)' Official Lyric Video,https://www.youtube.com/watch?v=miU4s4PUACY
(ì—¬ì)ì•„ì´ë“¤((G)I-DLE) - I-TALK #82 : ë¯¸ì—° ì›¹ë“œë¼ë§ˆ 'ë¦¬í”Œë ˆì´' ì»¤í”¼ì°¨ ì´¬ì˜ ë¹„í•˜ì¸ë“œ (ENG),https://www.youtube.com/watch?v=rQAUm0rJWDE
(ì—¬ì)ì•„ì´ë“¤((G)I-DLE) - I-TALK #81 : 'í™”(ç«èŠ±)(HWAA)' ë®¤ë¹„ ì´¬ì˜ í˜„ì¥ ë¹„í•˜ì¸ë“œ Part 2 (ENG),https://www.youtube.com/watch?v=NtmzLugaJDQ
(ì—¬ì)ì•„ì´ë“¤((G)I-DLE) - 'í™”(ç«èŠ±)(HWAA)' (Choreography Practice Video),https://www.youtube.com/watch?v=cwKYh2geaik
(ì—¬ì)ì•„ì´ë“¤((G)I-DLE) - 'í™”(ç«èŠ±)(HWAA)' Official Lyric Video (ENG),https://www.youtube.com/watch?v=hGiePSHdRw8
(ì—¬ì)ì•„ì´ë“¤((G)I-DLE) - I-TALK #80 : 'í™”(ç«èŠ±)(HWAA)' ë®¤ë¹„ ì´¬ì˜ í˜„ì¥ ë¹„í•˜ì¸ë“œ Part 1 (ENG),https://www.youtube.com/watch?v=ANhubXC-hSg
[#HASHTALK] EP.16 ê·€ì—¬ìš´ ì‚¬ëŒğŸ¶ ì˜†ì— ê·€ì—¬ìš´ ì‚¬ëŒğŸ° (ENG)ã…£(ì—¬ì)ì•„ì´ë“¤ ((G)I-DLE),https://www.youtube.com/watch?v=eUoBGShDoA8
(ì—¬ì)ì•„ì´ë“¤((G)I-DLE) - 'í™”(ç«èŠ±)(HWAA)' Music Clip,https://www.youtube.com/watch?v=2njcKe_wweU
(ì—¬ì)ì•„ì´ë“¤((G)I-DLE) - 'í™”(ç«èŠ±)(HWAA)' (ìŠˆí™” Focus) : ONLINE MEDIA SHOWCASE Ver.,https://www.youtube.com/watch?v=Xv_s8WBurWU
(ì—¬ì)ì•„ì´ë“¤((G)I-DLE) - 'í™”(ç«èŠ±)(HWAA)' (ìš°ê¸° Focus) : ONLINE MEDIA SHOWCASE Ver.,https://www.youtube.com/watch?v=LlPS_LYhnTE
(ì—¬ì)ì•„ì´ë“¤((G)I-DLE) - 'í™”(ç«èŠ±)(HWAA)' (ì†Œì—° Focus) : ONLINE MEDIA SHOWCASE Ver.,https://www.youtube.com/watch?v=nlLc9p8q75w
(ì—¬ì)ì•„ì´ë“¤((G)I-DLE) - 'í™”(ç«èŠ±)(HWAA)' (ìˆ˜ì§„ Focus) : ONLINE MEDIA SHOWCASE Ver.,https://www.youtube.com/watch?v=SLsWLUNADtM
(ì—¬ì)ì•„ì´ë“¤((G)I-DLE) - 'í™”(ç«èŠ±)(HWAA)' (ë¯¼ë‹ˆ Focus) : ONLINE MEDIA SHOWCASE Ver.,https://www.youtube.com/watch?v=M-YQ_0GOa88
(ì—¬ì)ì•„ì´ë“¤((G)I-DLE) - 'í™”(ç«èŠ±)(HWAA)' (ë¯¸ì—° Focus) : ONLINE MEDIA SHOWCASE Ver.,https://www.youtube.com/watch?v=87zYoeoqFrM
(ì—¬ì)ì•„ì´ë“¤((G)I-DLE) - 'í™”(ç«èŠ±)(HWAA)' ì‘ì›ë²•,https://www.youtube.com/watch?v=cD47izQfxTs
(ì—¬ì)ì•„ì´ë“¤((G)I-DLE) - 'í™”(ç«èŠ±)(HWAA)' : ONLINE MEDIA SHOWCASE Ver.,https://www.youtube.com/watch?v=55TEB82zfVk
(ì—¬ì)ì•„ì´ë“¤((G)I-DLE) - 'í™”(ç«èŠ±)(HWAA)' Official Music Video,https://www.youtube.com/watch?v=z3szNvgQxHo
"(ì—¬ì)ì•„ì´ë“¤((G)I-DLE) - I-TALK #79 : ""I burn"" ì¬í‚· ì´¬ì˜ í˜„ì¥ ë¹„í•˜ì¸ë“œ (ENG)",https://www.youtube.com/watch?v=QTaC9QjUlNo
(ì—¬ì)ì•„ì´ë“¤((G)I-DLE) - 'í™”(ç«èŠ±)(HWAA)' M/V Teaser 2,https://www.youtube.com/watch?v=ErTq-VvkqIk
(ì—¬ì)ì•„ì´ë“¤((G)I-DLE) - 'í™”(ç«èŠ±)(HWAA)' M/V Teaser 1,https://www.youtube.com/watch?v=mex7aRfrTiU
"(ì—¬ì)ì•„ì´ë“¤((G)I-DLE) - 4th Mini Album ""I burn"" Audio Snippet",https://www.youtube.com/watch?v=7FnbZGoMig0
"(ì—¬ì)ì•„ì´ë“¤((G)I-DLE) - 4th Mini Album ""I burn"" Concept Preview",https://www.youtube.com/watch?v=tPIUXk96xng
(ì—¬ì)ì•„ì´ë“¤((G)I-DLE) - Visual Film Behind the scenes (ENG),https://www.youtube.com/watch?v=i--O8Yhrc44
(ì—¬ì)ì•„ì´ë“¤((G)I-DLE) - 'í™”(ç«èŠ±)' Typography Motion Teaser,https://www.youtube.com/watch?v=-RLp1yiTPh0
(ì—¬ì)ì•„ì´ë“¤((G)I-DLE) - Visual Film,https://www.youtube.com/watch?v=3SsM-A71f10
[#HASHTALK] EP.15 ì•„ì´ë“¤ì—ê²Œ ì…€í”„ ìº ì„ ì£¼ë©´ ìƒê¸°ëŠ” ì¼â“â— (ENG)ã…£(ì—¬ì)ì•„ì´ë“¤ ((G)I-DLE),https://www.youtube.com/watch?v=yuEmtXzrBS8
(ì—¬ì)ì•„ì´ë“¤((G)I-DLE) - ğŸ„Merry Christmas Carol Handbell MedleyğŸ””ğŸ¶,https://www.youtube.com/watch?v=vu16GWI3WMQ
(ì—¬ì)ì•„ì´ë“¤((G)I-DLE) - I-TALK #78 : 2021 ì‹œì¦Œ ê·¸ë¦¬íŒ… ë¹„í•˜ì¸ë“œ (ENG),https://www.youtube.com/watch?v=cXdyFwuhScA
(ì—¬ì)ì•„ì´ë“¤((G)I-DLE) - 2021 ì‹œì¦Œ ê·¸ë¦¬íŒ… (2021 SEASON'S GREETINGS),https://www.youtube.com/watch?v=Kv_Cfa9b8FQ
(ì—¬ì)ì•„ì´ë“¤((G)I-DLE) - I-TALK #77 : 'GBC in the NEVERLAND' íŒ¬ë¯¸íŒ… ë¹„í•˜ì¸ë“œ (ENG),https://www.youtube.com/watch?v=LTnDy_v77Cg
(ì—¬ì)ì•„ì´ë“¤((G)I-DLE) - I-TALK #76 : 'GBC in the NEVERLAND' íŒ¬ë¯¸íŒ… VCR ì´¬ì˜ ë¹„í•˜ì¸ë“œ (ENG),https://www.youtube.com/watch?v=e2_BCG7f2J8
(ì—¬ì)ì•„ì´ë“¤((G)I-DLE) - I-TALK #75 : ìš°ê¸° tvN 'ë‚˜ëŠ” ì‚´ì•„ìˆë‹¤' ì œì‘ë°œí‘œíšŒ ë¹„í•˜ì¸ë“œ (ENG),https://www.youtube.com/watch?v=KWo9Ug4zrZI
(ì—¬ì)ì•„ì´ë“¤((G)I-DLE) - I-TALK #74 : 2020 ìŠˆí¼ ì˜¨íƒíŠ¸ & DMZ í˜ìŠ¤í‹°ë²Œ & í•œêµ­ë¬¸í™”ì¶•ì œ ë¹„í•˜ì¸ë“œ (ENG),https://www.youtube.com/watch?v=EFkVZYAQO2k
ë¯¼ë‹ˆ of (ì—¬ì)ì•„ì´ë“¤ (MINNIE of (G)I-DLE) - 'Why Do You Love Me (Acoustic)' / Charlotte Lawrence (Cover),https://www.youtube.com/watch?v=eiHCe0kGy3M
[I-LIVE] ìš°ë¦¬ ë„¤ë²„ëœë“œ.. ê²Œì„ ì˜í•˜ëŠ”êµ¬ë‚˜?!,https://www.youtube.com/watch?v=Mg4Z4QFfIOw
[I-LIVE] ì†Œì—°ì´ì˜ ë¡¤ë°©! ì—¬ëŸ¬ë¶„ ê°™ì´ ì¶¤ì¶”ê³  ì‹œì‘í•´ìš”~,https://www.youtube.com/watch?v=oKsbhYSLs8M
(ì—¬ì)ì•„ì´ë“¤((G)I-DLE) - LoL K/DA 'MORE' ë°œë§¤ ê¸°ë… ë¼ì´ì—‡ ê²Œì„ì¦ˆ ë°©ë¬¸ VLOG (ë¯¸ì—°&ì†Œì—°),https://www.youtube.com/watch?v=k8HNMV5ubvE
(ì—¬ì)ì•„ì´ë“¤((G)I-DLE) - I-TALK #73 : ë¯¸ê³µê°œ ë¹„í•˜ì¸ë“œ (ë®¤ì§ë±…í¬ ìƒë°˜ê¸°ê²°ì‚° & ì†Œë¦¬ë°”ë‹¤ ì–´ì›Œì¦ˆ & 'ë¤ë””ë¤ë”” (DUMDi DUMDi)' ì‡¼ì¼€ì´ìŠ¤) (ENG),https://www.youtube.com/watch?v=LxdkIhUyakE
(ì—¬ì)ì•„ì´ë“¤((G)I-DLE) - I-TALK #72 : 2020 ì¶”ì„íŠ¹ì§‘ ì•„ë©ëŒ€ ìŠˆí™”&í•˜ì¿  ë¹„í•˜ì¸ë“œ (ENG),https://www.youtube.com/watch?v=1MJBKuvt-EI
"ìš°ê¸° of (ì—¬ì)ì•„ì´ë“¤ (YUQI of (G)I-DLE) - 'Shallow' / Lady Gaga, Bradley Cooper (Cover)",https://www.youtube.com/watch?v=Q8mioC2TpLg
(G)I-DLE OFFICIAL FAN CLUB NEVERLAND 2ND ONLINE FAN MEETING [GBC in the NEVERLAND] - ID (JPN),https://www.youtube.com/watch?v=ZEqbiI2HHGQ
(G)I-DLE OFFICIAL FAN CLUB NEVERLAND 2ND ONLINE FAN MEETING [GBC in the NEVERLAND] - ID (KOR),https://www.youtube.com/watch?v=G-HmfEBRHB4
(G)I-DLE OFFICIAL FAN CLUB NEVERLAND 2ND ONLINE FAN MEETING [GBC in the NEVERLAND] - ID (CHN),https://www.youtube.com/watch?v=0B1rjWurMFU
(G)I-DLE OFFICIAL FAN CLUB NEVERLAND 2ND ONLINE FAN MEETING [GBC in the NEVERLAND] - ID (ENG),https://www.youtube.com/watch?v=-RLQFpuvru4
(ì—¬ì)ì•„ì´ë“¤((G)I-DLE) - I-TALK #71 : 'ë¤ë””ë¤ë”” (DUMDi DUMDi)' ë§ˆì§€ë§‰ ì£¼ ë¹„í•˜ì¸ë“œ (ENG),https://www.youtube.com/watch?v=SHguASL-yDs
(ì—¬ì)ì•„ì´ë“¤((G)I-DLE) - I-TALK #70 : 'ë¤ë””ë¤ë”” (DUMDi DUMDi)' ë‘˜ì§¸ ì£¼ ë¹„í•˜ì¸ë“œ (ENG),https://www.youtube.com/watch?v=t767qLX8xys
(ì—¬ì)ì•„ì´ë“¤((G)I-DLE) - LoL K/DA 'THE BADDEST' ë…¹ìŒ ë¹„í•˜ì¸ë“œ (ë¯¸ì—°&ì†Œì—°),https://www.youtube.com/watch?v=ipeRGRNQiC4
[#HASHTALK] EP.14 ğŸ¥ë¤ë””ë¤ë””ğŸŒ´(ì˜¤ì—ì˜¤ì—ì˜¤â—)ğŸ”¥ë¤ë””ë¤ë””ğŸŒŠì „í˜„ë¬´ğŸì„ ë¬¼ğŸ¥¤ (ENG)ã…£(ì—¬ì)ì•„ì´ë“¤ ((G)I-DLE),https://www.youtube.com/watch?v=imoLXmbxUdQ
(ì—¬ì)ì•„ì´ë“¤((G)I-DLE) - I-TALK #69 : 'ë¤ë””ë¤ë”” (DUMDi DUMDi)' ì²«ë°© ë¹„í•˜ì¸ë“œ (ENG),https://www.youtube.com/watch?v=OdL-6LMTyKc
(G)I-DLE - ã€ŒOh my godã€(Japanese ver.) MUSIC VIDEO,https://www.youtube.com/watch?v=u7wSlAgEcvg
[ë„¤ë²„ì—”ë”© ë„¤ë²„ëœë“œ 5íšŒ] Part 2 - [Never-ending Neverland Ep.5] Part 2 (ENG),https://www.youtube.com/watch?v=MYGW1hTnp9o
[ë„¤ë²„ì—”ë”© ë„¤ë²„ëœë“œ 5íšŒ] Part 1 - [Never-ending Neverland Ep.5] Part 1 (ENG),https://www.youtube.com/watch?v=FyiWt8Q0Wl0
(ì—¬ì)ì•„ì´ë“¤((G)I-DLE) - I-TALK #68 : 'ë¤ë””ë¤ë”” (DUMDi DUMDi)' ë®¤ë¹„ ì´¬ì˜ í˜„ì¥ ë¹„í•˜ì¸ë“œ Part 2 (ENG),https://www.youtube.com/watch?v=Bfpdb1EdI5g
[ë„¤ë²„ì—”ë”© ë„¤ë²„ëœë“œ 4íšŒ] Part 1 - [Never-ending Neverland Ep.4] Part 1 (ENG),https://www.youtube.com/watch?v=pO59kn3sU14
[ë„¤ë²„ì—”ë”© ë„¤ë²„ëœë“œ 4íšŒ] Part 2 - [Never-ending Neverland Ep.4] Part 2 (ENG),https://www.youtube.com/watch?v=DhZ4HCPDLac
(ì—¬ì)ì•„ì´ë“¤((G)I-DLE) - 'ë¤ë””ë¤ë”” (DUMDi DUMDi)' (Choreography Practice Video),https://www.youtube.com/watch?v=naRRqAGIAqQ
(ì—¬ì)ì•„ì´ë“¤ ê³µì‹ íŒ¬í´ëŸ½ ë„¤ë²„ëœë“œ 2ê¸° ëª¨ì§‘ (2ND NEVERLAND Generation Recruitment Guide,https://www.youtube.com/watch?v=za4mpgQWs7c
(ì—¬ì)ì•„ì´ë“¤((G)I-DLE) - I-TALK #67 : 'ë¤ë””ë¤ë”” (DUMDi DUMDi)' ë®¤ë¹„ ì´¬ì˜ í˜„ì¥ ë¹„í•˜ì¸ë“œ Part 1 (ENG),https://www.youtube.com/watch?v=Z9faUX6RnTQ
(ì—¬ì)ì•„ì´ë“¤((G)I-DLE) - 'ë¤ë””ë¤ë”” (DUMDi DUMDi)' Official Lyric Video (ENG),https://www.youtube.com/watch?v=sPzF8DZI5ZM
(ì—¬ì)ì•„ì´ë“¤((G)I-DLE) - 'ë¤ë””ë¤ë”” (DUMDi DUMDi)' Music Clip,https://www.youtube.com/watch?v=aD-ZAhCVV-s
(ì—¬ì)ì•„ì´ë“¤((G)I-DLE) - 'ë¤ë””ë¤ë”” (DUMDi DUMDi)' ì‘ì›ë²•,https://www.youtube.com/watch?v=DPykR20ZxAo
(ì—¬ì)ì•„ì´ë“¤((G)I-DLE) - I-TALK #66 : 'ë¤ë””ë¤ë”” (DUMDi DUMDi)' ì¬í‚· ì´¬ì˜ í˜„ì¥ ë¹„í•˜ì¸ë“œ (ENG),https://www.youtube.com/watch?v=7La7aO6VihA
[ë„¤ë²„ì—”ë”© ë„¤ë²„ëœë“œ 3íšŒ] Part 1 - [Never-ending Neverland Ep.3] Part 1 (ENG),https://www.youtube.com/watch?v=SFq8qllSyq0
[ë„¤ë²„ì—”ë”© ë„¤ë²„ëœë“œ 3íšŒ] Part 2 - [Never-ending Neverland Ep.3] Part 2 (ENG),https://www.youtube.com/watch?v=VbK8mHanAhI
(ì—¬ì)ì•„ì´ë“¤((G)I-DLE) - 'ë¤ë””ë¤ë”” (DUMDi DUMDi)' : ONLINE MEDIA SHOWCASE Ver.,https://www.youtube.com/watch?v=H_HKE1mwzuo
(ì—¬ì)ì•„ì´ë“¤((G)I-DLE) - 'ë¤ë””ë¤ë”” (DUMDi DUMDi)' Official Music Video,https://www.youtube.com/watch?v=HPQ5mqovXHo
(ì—¬ì)ì•„ì´ë“¤((G)I-DLE) - 'ë¤ë””ë¤ë”” (DUMDi DUMDi)' M/V Teaser 2,https://www.youtube.com/watch?v=2qBh7xa2bFg
(ì—¬ì)ì•„ì´ë“¤((G)I-DLE) - 'ë¤ë””ë¤ë”” (DUMDi DUMDi)' M/V Teaser 1,https://www.youtube.com/watch?v=2LZ8UR1R2bg
(ì—¬ì)ì•„ì´ë“¤((G)I-DLE) - 'ë¤ë””ë¤ë”” (DUMDi DUMDi)' Audio Teaser,https://www.youtube.com/watch?v=EEIeyyBMhdg
[ë„¤ë²„ì—”ë”© ë„¤ë²„ëœë“œ 2íšŒ] Part 1 - [Never-ending Neverland Ep.2] Part 1 (ENG),https://www.youtube.com/watch?v=XZIOS2tgqGo
[ë„¤ë²„ì—”ë”© ë„¤ë²„ëœë“œ 2íšŒ] Part 2 - [Never-ending Neverland Ep.2] Part 2 (ENG),https://www.youtube.com/watch?v=MWi5w4dEkZQ
(ì—¬ì)ì•„ì´ë“¤((G)I-DLE) - I-TALK #65 : 'I-LAND : WHO AM I' ì½˜ì„œíŠ¸ í˜„ì¥ ë¹„í•˜ì¸ë“œ (ENG),https://www.youtube.com/watch?v=a1FO6QlLtJY
[ë„¤ë²„ì—”ë”© ë„¤ë²„ëœë“œ 1íšŒ] Part 2 - [Never-ending Neverland Ep.1] Part 2 (ENG),https://www.youtube.com/watch?v=kINZmIZfCKY
[ë„¤ë²„ì—”ë”© ë„¤ë²„ëœë“œ 1íšŒ] Part 1 - [Never-ending Neverland Ep.1] Part 1 (ENG),https://www.youtube.com/watch?v=1r6-hAIItqc
(ì—¬ì)ì•„ì´ë“¤((G)I-DLE) - I-TALK #64 : 'I-LAND : WHO AM I' ì½˜ì„œíŠ¸ VCR ì´¬ì˜ ë¹„í•˜ì¸ë“œ (ENG),https://www.youtube.com/watch?v=8-me2RYYxfc
(ì—¬ì)ì•„ì´ë“¤((G)I-DLE) - I-TALK #63 : 'I-LAND : WHO AM I' ì½˜ì„œíŠ¸ í¬ìŠ¤í„° ì´¬ì˜ ë¹„í•˜ì¸ë“œ (ENG),https://www.youtube.com/watch?v=i8zdCEK67ms
(ì—¬ì)ì•„ì´ë“¤((G)I-DLE) - I-TALK #62 : 'i'M THE TREND' ìŠ¤í˜ì…œ í´ë¦½ ì´¬ì˜ ë¹„í•˜ì¸ë“œ (ENG),https://www.youtube.com/watch?v=Oq07gOGw4Ec
(ì—¬ì)ì•„ì´ë“¤((G)I-DLE) - 'i'M THE TREND' Lyric Video (ENG),https://www.youtube.com/watch?v=CWrthwplNgc
(ì—¬ì)ì•„ì´ë“¤((G)I-DLE) - 'i'M THE TREND' Special Clip,https://www.youtube.com/watch?v=ZlKoeJ3xlx4
(ì—¬ì)ì•„ì´ë“¤((G)I-DLE) - 'i'M THE TREND' Special Clip Teaser,https://www.youtube.com/watch?v=H4xb7punc-Y
2020 (G)I-DLE ONLINE CONCERT 'I-LAND : WHO AM I' - Trailer,https://www.youtube.com/watch?v=NEBneT2X6o0
2020 (G)I-DLE ONLINE CONCERT 'I-LAND : WHO AM I' - 'LATATA' ì‘ì›ë²•,https://www.youtube.com/watch?v=DgF3tjsujdY
2020 (G)I-DLE ONLINE CONCERT 'I-LAND : WHO AM I' - ID (ENG),https://www.youtube.com/watch?v=sF5pj1CZv2o
2020 (G)I-DLE ONLINE CONCERT 'I-LAND : WHO AM I' - ID (KOR),https://www.youtube.com/watch?v=6iM5pZtvbis
2020 (G)I-DLE ONLINE CONCERT 'I-LAND : WHO AM I' - SPOT,https://www.youtube.com/watch?v=VLrEJnJSh6s
"(ì—¬ì)ì•„ì´ë“¤((G)I-DLE) - I-TALK #61 : ë¯¸ê³µê°œ ë¹„í•˜ì¸ë“œ (""I trust"" ì˜¨ë¼ì¸ ë¯¸ë””ì–´ ì‡¼ì¼€ì´ìŠ¤ & 'Oh my god' ìŠ¤í˜ì…œ ì•ˆë¬´ì˜ìƒ ì´¬ì˜) (ENG)",https://www.youtube.com/watch?v=PqoufdgLfqQ
(ì—¬ì)ì•„ì´ë“¤((G)I-DLE) - 'LATATA (English Ver.)' Official Lyric Video,https://www.youtube.com/watch?v=HnvWJehjYQA
(ì—¬ì)ì•„ì´ë“¤((G)I-DLE) - I-TALK #60 : 'ì‚¬ë‘í•´' ë§‰ë°© ë¹„í•˜ì¸ë“œ (ENG),https://www.youtube.com/watch?v=jV1tyZj4Pjs
(ì—¬ì)ì•„ì´ë“¤((G)I-DLE) - I-TALK #59 : 'Oh my god' ë‘˜ì§¸ ì£¼ ë¹„í•˜ì¸ë“œ (ENG),https://www.youtube.com/watch?v=y5TdZnnFFBs
(ì—¬ì)ì•„ì´ë“¤((G)I-DLE) - I-TALK #58 : 'Oh my god' ì²«ë°© ë¹„í•˜ì¸ë“œ Part 2 (ENG),https://www.youtube.com/watch?v=-rpeMCEhCEY
[I-LIVE] (ì—¬ì)ì•„ì´ë“¤ ë°ë·” 2ì£¼ë…„ ê¸°ë…ì¼ í•˜ì´ë¼ì´íŠ¸ 06,https://www.youtube.com/watch?v=xIL1T1q2irg
[I-LIVE] (ì—¬ì)ì•„ì´ë“¤ ë°ë·” 2ì£¼ë…„ ê¸°ë…ì¼ í•˜ì´ë¼ì´íŠ¸ 05,https://www.youtube.com/watch?v=LHTMZOL4tQ0
[I-LIVE] (ì—¬ì)ì•„ì´ë“¤ ë°ë·” 2ì£¼ë…„ ê¸°ë…ì¼ í•˜ì´ë¼ì´íŠ¸ 04,https://www.youtube.com/watch?v=YQA03ceSQEc
[I-LIVE] (ì—¬ì)ì•„ì´ë“¤ ë°ë·” 2ì£¼ë…„ ê¸°ë…ì¼ í•˜ì´ë¼ì´íŠ¸ 03,https://www.youtube.com/watch?v=HVumeeDWHZs
[I-LIVE] (ì—¬ì)ì•„ì´ë“¤ ë°ë·” 2ì£¼ë…„ ê¸°ë…ì¼ í•˜ì´ë¼ì´íŠ¸ 02,https://www.youtube.com/watch?v=4aeff7VTWAs
[I-LIVE] (ì—¬ì)ì•„ì´ë“¤ ë°ë·” 2ì£¼ë…„ ê¸°ë…ì¼ í•˜ì´ë¼ì´íŠ¸ 01,https://www.youtube.com/watch?v=yVD4glcIS7o
(ì—¬ì)ì•„ì´ë“¤((G)I-DLE) - I-TALK #57 : 'Oh my god' ì²«ë°© ë¹„í•˜ì¸ë“œ Part 1 (ENG),https://www.youtube.com/watch?v=vcTbzTjGs28
(ì—¬ì)ì•„ì´ë“¤((G)I-DLE) - 'Oh my god' (Special Choreography Video),https://www.youtube.com/watch?v=KqE4UK5sfHA
[#HASHTALK] EP.13 í–‰ë³µì„ ì°¾ì•„ ë– ë‚œ ì˜ˆìŠˆí™”ì˜ ì½˜ì…‰íŠ¸ í”„ë¦¬ë·° ë¹„í•˜ì¸ë“œ (ENG)ã…£(ì—¬ì)ì•„ì´ë“¤ ((G)I-DLE),https://www.youtube.com/watch?v=UKcKVqE259E
(ì—¬ì)ì•„ì´ë“¤((G)I-DLE) - 'Oh my god' Music Clip,https://www.youtube.com/watch?v=brH6kAa9waA
(ì—¬ì)ì•„ì´ë“¤((G)I-DLE) - I-TALK #56 : 'Oh my god' ë®¤ì§ë¹„ë””ì˜¤ ë¹„í•˜ì¸ë“œ Part 2 (ENG),https://www.youtube.com/watch?v=PwV31p7GkmU
(ì—¬ì)ì•„ì´ë“¤((G)I-DLE) - 'Oh my god' (Choreography Practice Video),https://www.youtube.com/watch?v=wLlKktf0ZWE
(ì—¬ì)ì•„ì´ë“¤((G)I-DLE) - I-TALK #55 : 'Oh my god' ë®¤ì§ë¹„ë””ì˜¤ ë¹„í•˜ì¸ë“œ Part 1 (ENG),https://www.youtube.com/watch?v=YlBcYcgr89I
(ì—¬ì)ì•„ì´ë“¤((G)I-DLE) - 'ì‚¬ë‘í•´(Luv U)' Official Lyric Video,https://www.youtube.com/watch?v=TzepUKHa9lg
(ì—¬ì)ì•„ì´ë“¤((G)I-DLE) - 'Oh my god' Official Lyric Video,https://www.youtube.com/watch?v=twXUS3fqI74
(ì—¬ì)ì•„ì´ë“¤((G)I-DLE) - 'Oh my god' ì‘ì›ë²•,https://www.youtube.com/watch?v=iG6KRfUE_hs
"(ì—¬ì)ì•„ì´ë“¤((G)I-DLE) - 3rd Mini Album ""I trust"" ONLINE MEDIA SHOWCASE",https://www.youtube.com/watch?v=W59VCFYAzrg
(ì—¬ì)ì•„ì´ë“¤((G)I-DLE) - 'Oh my god' Official Music Video,https://www.youtube.com/watch?v=om3n2ni8luE
(ì—¬ì)ì•„ì´ë“¤((G)I-DLE) - 'Oh my god' M/V Teaser,https://www.youtube.com/watch?v=OT-pQiWt_A0
"(ì—¬ì)ì•„ì´ë“¤((G)I-DLE) - I-TALK #54 : ""I trust"" ì¬í‚· ì´¬ì˜ í˜„ì¥ ë¹„í•˜ì¸ë“œ (ENG)",https://www.youtube.com/watch?v=cIRuLD0-isY
"(ì—¬ì)ì•„ì´ë“¤((G)I-DLE) - 3rd Mini Album ""I trust"" Audio Snippet",https://www.youtube.com/watch?v=uhAQ1Hrbc8w
"(ì—¬ì)ì•„ì´ë“¤((G)I-DLE) - 3rd Mini Album ""I trust"" Concept Preview 2",https://www.youtube.com/watch?v=ysmHFXpdAkI
"(ì—¬ì)ì•„ì´ë“¤((G)I-DLE) - 3rd Mini Album ""I trust"" Concept Preview 1",https://www.youtube.com/watch?v=w6xQbDB6BcI
[#HASHTALK] EP.12 ì†Œì—°ì´ì˜ ë¸Œì´ë¡œê·¸ : ì†Œì—°ì´ì™€ LION ìš´ëª…ì˜ ë°ìŠ¤í‹°ë‹ˆğŸ¦ (ENG)ã…£(ì—¬ì)ì•„ì´ë“¤ ((G)I-DLE),https://www.youtube.com/watch?v=ZvHwRuyDl7s
[#HASHTALK] EP.11 ì†Œì—°ì´ì˜ ë¸Œì´ë¡œê·¸: ì˜íŠ¸ë ˆìŠ¤ í•´ì†Œë²• (ENG)ã…£(ì—¬ì)ì•„ì´ë“¤ ((G)I-DLE),https://www.youtube.com/watch?v=Ln65fG0CnwM
[#HASHTALK] EP.10 ë² íŠ¸ë‚¨ ì „í†µëª¨ì 'ë†' êµ¬ì…ê¸° (Feat. ì ìì¡°ë˜ì´) (ENG)ã…£(ì—¬ì)ì•„ì´ë“¤ ((G)I-DLE),https://www.youtube.com/watch?v=u7cyF9bg4fw
[#HASHTALK] EP.9 í¥ì •ì˜ ë‹¬ì¸ ì„œìˆ˜ì§„ì˜ ì›í”¼ìŠ¤ ì‡¼í•‘ (ENG)ã…£(ì—¬ì)ì•„ì´ë“¤ ((G)I-DLE),https://www.youtube.com/watch?v=WwvGegsivfw
[#HASHTALK] EP.8 ë¯¸ì—°ì´ì™€ ìˆ˜ì§„ì´ì˜ ì•¼ì‹œì¥ ë‚˜ë“¤ì´ (ENG)ã…£(ì—¬ì)ì•„ì´ë“¤ ((G)I-DLE),https://www.youtube.com/watch?v=GEHfqT3hrtA
[#HASHTALK] EP.7 ë§ˆì‚¬ì§€ ë§ˆë‹ˆì•„ ë¯¼ìš°ìŠˆì˜ íë§íƒ€ì„ (ENG)ã…£(ì—¬ì)ì•„ì´ë“¤ ((G)I-DLE),https://www.youtube.com/watch?v=sEAry8EAbpo
(ì—¬ì)ì•„ì´ë“¤((G)I-DLE) - I-TALK #53 : ì†Œì—°ì´ì˜ VLOG in Paris (ë¡¤ë“œì»µ ë¹„í•˜ì¸ë“œ) (ENG),https://www.youtube.com/watch?v=vbor1FfbApM
[#HASHTALK] EP.6 ë¯¼ë‹ˆ ìš°ê¸° ìŠˆí™”ì˜ ì™„ë²½í•œ í•˜ë£¨ (ENG)ã…£(ì—¬ì)ì•„ì´ë“¤ ((G)I-DLE),https://www.youtube.com/watch?v=qvnpyX_h_L0
(ì—¬ì)ì•„ì´ë“¤((G)I-DLE) - I-TALK #52 : 2020 ì„¤íŠ¹ì§‘ ì•„ì´ëŒìŠ¤íƒ€ ì„ ìˆ˜ê¶ŒëŒ€íšŒ ìš°ê¸° ìŠ¹ë§ˆ ë¹„í•˜ì¸ë“œ (ENG),https://www.youtube.com/watch?v=7HluoYHuEyU
[#HASHTALK] EP.5 ê°íŠ€ëŸ¬ë²„ ì†Œì—°ì´ì˜ ë£¸ì„œë¹„ìŠ¤ ë¨¹ë°© (ENG)ã…£(ì—¬ì)ì•„ì´ë“¤ ((G)I-DLE),https://www.youtube.com/watch?v=lN8N84vSeEI
(ì—¬ì)ì•„ì´ë“¤((G)I-DLE) - I-TALK #51 : 2020 ê³¨ë“ ë””ìŠ¤í¬ì–´ì›Œì¦ˆ & ê°€ì˜¨ì°¨íŠ¸ë®¤ì§ì–´ì›Œì¦ˆ ë¹„í•˜ì¸ë“œ (ENG),https://www.youtube.com/watch?v=jrJGmq010R0
[#HASHTALK] EP.4 íë¸Œì–´í•™ë‹¹ ì¶œì‹  ë§‰ë‚´ë¼ì¸ì˜ ì‹ì‚¬ì‹œê°„ (ENG)ã…£(ì—¬ì)ì•„ì´ë“¤ ((G)I-DLE),https://www.youtube.com/watch?v=PCHCvt1DsKI
(ì—¬ì)ì•„ì´ë“¤((G)I-DLE) - I-TALK #50 : 2019 MBC ê°€ìš”ëŒ€ì œì „ ë¹„í•˜ì¸ë“œ (ENG),https://www.youtube.com/watch?v=GcVV6bY35IU
[#HASHTALK] EP.3 ë¦¬ì•¡ì…˜ ì¥ì¸ ìš˜ë”°ë¼ë½ì˜ í–‰ë³µì  ëª¨ë¨¼íŠ¸ (ENG)ã…£(ì—¬ì)ì•„ì´ë“¤ ((G)I-DLE),https://www.youtube.com/watch?v=sw6DrozQ9tc
[#HASHTALK] EP.2 í”„ë¦°ì„¸ìŠ¤ ë©´ ì–¸ë‹ˆì™€ ë‹¨í˜¸ë°• ìˆ˜ì§„ (ENG)ã…£(ì—¬ì)ì•„ì´ë“¤ ((G)I-DLE),https://www.youtube.com/watch?v=Bf-dtm4u8_E
[#HASHTALK] EP.1 í°ì† ìš°ê¸°ê°€ ì£¼ë¬¸í•˜ëŠ” ë°©ë²• & ìŠˆí™”ê°€ ê³¼ìë¥¼ ë¨¹ëŠ” ë°©ë²• (ENG)ã…£(ì—¬ì)ì•„ì´ë“¤ ((G)I-DLE),https://www.youtube.com/watch?v=aukVj8epA74
(ì—¬ì)ì•„ì´ë“¤((G)I-DLE) - 'LION' (Choreography Practice Video),https://www.youtube.com/watch?v=FRYY-OxzRTU
(ì—¬ì)ì•„ì´ë“¤((G)I-DLE) - 'LION' Official Music Video,https://www.youtube.com/watch?v=6oanIo_2Z4Q
(ì—¬ì)ì•„ì´ë“¤((G)I-DLE) - 'LION' M/V Teaser,https://www.youtube.com/watch?v=n0mwthRl1qc
(ì—¬ì)ì•„ì´ë“¤((G)I-DLE) - 'ì‹«ë‹¤ê³  ë§í•´ (Nightmare Ver.)' (Halloween Ver. Choreography Video),https://www.youtube.com/watch?v=SBtF_e6XWnc
(G)I-DLE - ã€ŒLATATAã€(Japanese ver.) MUSIC VIDEO,https://www.youtube.com/watch?v=ypNJMDlJvY4
(ì—¬ì)ì•„ì´ë“¤((G)I-DLE) - 'Uh-Oh' Official Music Video,https://www.youtube.com/watch?v=I66oFXdf0KU
(ì—¬ì)ì•„ì´ë“¤((G)I-DLE) - 'Uh-Oh' M/V Teaser 2,https://www.youtube.com/watch?v=TqW04rj2WOs
(ì—¬ì)ì•„ì´ë“¤((G)I-DLE) - 'Uh-Oh' M/V Teaser 1,https://www.youtube.com/watch?v=nwsGnx4Bebc
(ì—¬ì)ì•„ì´ë“¤((G)I-DLE) - 'Senorita' Official Music Video,https://www.youtube.com/watch?v=2cevbhEqQF4
(ì—¬ì)ì•„ì´ë“¤((G)I-DLE) - 'Senorita' M/V Teaser,https://www.youtube.com/watch?v=M12zfy-IZLA
(ì—¬ì)ì•„ì´ë“¤((G)I-DLE) - 'Senorita' : ìš°ê¸°(YUQI) Teaser,https://www.youtube.com/watch?v=FHhOwtQ85Ow
(ì—¬ì)ì•„ì´ë“¤((G)I-DLE) - 'Senorita' : ë¯¼ë‹ˆ(MINNIE) Teaser,https://www.youtube.com/watch?v=3Yjln4kr84Y
(ì—¬ì)ì•„ì´ë“¤((G)I-DLE) - 'Senorita' : ìŠˆí™”(SHUHUA) Teaser,https://www.youtube.com/watch?v=HI7syzmCutA
(ì—¬ì)ì•„ì´ë“¤((G)I-DLE) - 'Senorita' : ìˆ˜ì§„(SOOJIN) Teaser,https://www.youtube.com/watch?v=9khosHZ7YLo
(ì—¬ì)ì•„ì´ë“¤((G)I-DLE) - 'Senorita' : ì†Œì—°(SOYEON) Teaser,https://www.youtube.com/watch?v=7bqewyz8_5s
(ì—¬ì)ì•„ì´ë“¤((G)I-DLE) - 'Senorita' : ë¯¸ì—°(MIYEON) Teaser,https://www.youtube.com/watch?v=4mtAWfuDcwo
"(ì—¬ì)ì•„ì´ë“¤((G)I-DLE) - 2nd mini album ""I made"" Audio snippet",https://www.youtube.com/watch?v=KtOC9LNIyBo
"(ì—¬ì)ì•„ì´ë“¤((G)I-DLE) - 2nd mini album ""I made"" Art film",https://www.youtube.com/watch?v=DJ2oZj8nyig
(ì—¬ì)ì•„ì´ë“¤((G)I-DLE) - 'í•œ(ä¸€)(HANN(Alone))' Official Music Video,https://www.youtube.com/watch?v=OKNXn2qCEws
(ì—¬ì)ì•„ì´ë“¤((G)I-DLE) - 'í•œ(ä¸€)(HANN(Alone))' M/V Teaser,https://www.youtube.com/watch?v=s_cd0CKZjL4
(ì—¬ì)ì•„ì´ë“¤((G)I-DLE) - 'LATATA' Official Music Video,https://www.youtube.com/watch?v=p4RIhcY7V3c
(ì—¬ì)ì•„ì´ë“¤((G)I-DLE) - 'LATATA' M/V teaser,https://www.youtube.com/watch?v=H54rWc8laeE
(ì—¬ì)ì•„ì´ë“¤((G)I-DLE) - 'LATATA' : ìŠˆí™”(SHUHUA) Teaser,https://www.youtube.com/watch?v=mz-9otF_v00
(ì—¬ì)ì•„ì´ë“¤((G)I-DLE) - 'LATATA' : ìš°ê¸°(YUQI) Teaser,https://www.youtube.com/watch?v=398QLj8ZKmE
(ì—¬ì)ì•„ì´ë“¤((G)I-DLE) - 'LATATA' : ì†Œì—°(SOYEON) Teaser,https://www.youtube.com/watch?v=pOOwt28gZYA
(ì—¬ì)ì•„ì´ë“¤((G)I-DLE) - 'LATATA' : ìˆ˜ì§„(SOOJIN) Teaser,https://www.youtube.com/watch?v=3w4ljZZ0iIA
(ì—¬ì)ì•„ì´ë“¤((G)I-DLE) - 'LATATA' : ë¯¼ë‹ˆ(MINNIE) Teaser,https://www.youtube.com/watch?v=Qw6Z4BbNbMc
(ì—¬ì)ì•„ì´ë“¤((G)I-DLE) - 'LATATA' : ë¯¸ì—°(MIYEON) Teaser,https://www.youtube.com/watch?v=5wn5ponH2XI
"(ì—¬ì)ì•„ì´ë“¤((G)I-DLE) - 1st mini album ""I am"" Audio snippet",https://www.youtube.com/watch?v=r-B4WCuI78c
